callOi,expiryData,indiavixData,optionsChain,putOi,fetched_datetime
1846000,,,"[{""ask"": 0, ""bid"": 0, ""oi"": 37000, ""option_type"": ""PE"", ""strike_price"": 2650, ""oich"": 37000}, {""ask"": 0, ""bid"": 0, ""oi"": 4000, ""option_type"": ""PE"", ""strike_price"": 2200, ""oich"": 4000}, {""ask"": 0, ""bid"": 0, ""oi"": 96000, ""option_type"": ""PE"", ""strike_price"": 2500, ""oich"": 96000}, {""ask"": 0, ""bid"": 0, ""oi"": 30000, ""option_type"": ""PE"", ""strike_price"": 2550, ""oich"": 30000}, {""ask"": 0, ""bid"": 0, ""oi"": 87000, ""option_type"": ""CE"", ""strike_price"": 2950, ""oich"": 87000}, {""ask"": 0, ""bid"": 0, ""oi"": 2000, ""option_type"": ""PE"", ""strike_price"": 3400, ""oich"": 2000}, {""ask"": 0, ""bid"": 0, ""oi"": 0, ""option_type"": ""CE"", ""strike_price"": 2500, ""oich"": 0}, {""ask"": 0, ""bid"": 0, ""oi"": 125000, ""option_type"": ""PE"", ""strike_price"": 2850, ""oich"": 125000}, {""ask"": 0, ""bid"": 0, ""oi"": 16000, ""option_type"": ""PE"", ""strike_price"": 2400, ""oich"": 16000}, {""ask"": 0, ""bid"": 0, ""oi"": 137000, ""option_type"": ""CE"", ""strike_price"": 2800, ""oich"": 137000}, {""ask"": 0, ""bid"": 0, ""oi"": 149000, ""option_type"": ""CE"", ""strike_price"": 2600, ""oich"": 149000}, {""ask"": 0, ""bid"": 0, ""oi"": 327000, ""option_type"": ""CE"", ""strike_price"": 2900, ""oich"": 327000}, {""ask"": 0, ""bid"": 0, ""oi"": 70000, ""option_type"": ""CE"", ""strike_price"": 3050, ""oich"": 70000}, {""ask"": 0, ""bid"": 0, ""oi"": 3000, ""option_type"": ""CE"", ""strike_price"": 2700, ""oich"": 3000}, {""ask"": 0, ""bid"": 0, ""oi"": 34000, ""option_type"": ""CE"", ""strike_price"": 3150, ""oich"": 34000}, {""ask"": 0, ""bid"": 0, ""oi"": 0, ""option_type"": ""CE"", ""strike_price"": 2400, ""oich"": 0}, {""ask"": 0, ""bid"": 0, ""oi"": 141000, ""option_type"": ""PE"", ""strike_price"": 2900, ""oich"": 141000}, {""ask"": 0, ""bid"": 0, ""oi"": 0, ""option_type"": ""PE"", ""strike_price"": 3250, ""oich"": 0}, {""ask"": 0, ""bid"": 0, ""oi"": 158000, ""option_type"": ""CE"", ""strike_price"": 3100, ""oich"": 158000}, {""ask"": 0, ""bid"": 0, ""oi"": 8000, ""option_type"": ""PE"", ""strike_price"": 3100, ""oich"": 8000}, {""ask"": 0, ""bid"": 0, ""oi"": 1000, ""option_type"": ""PE"", ""strike_price"": 3200, ""oich"": 1000}, {""ask"": 0, ""bid"": 0, ""oi"": 0, ""option_type"": ""CE"", ""strike_price"": 2750, ""oich"": 0}, {""ask"": 0, ""bid"": 0, ""oi"": 166000, ""option_type"": ""PE"", ""strike_price"": 2600, ""oich"": 166000}, {""ask"": 0, ""bid"": 0, ""oi"": 0, ""option_type"": ""PE"", ""strike_price"": 3150, ""oich"": 0}, {""ask"": 0, ""bid"": 0, ""oi"": 0, ""option_type"": ""PE"", ""strike_price"": 2950, ""oich"": 0}, {""ask"": 0, ""bid"": 0, ""oi"": 80000, ""option_type"": ""CE"", ""strike_price"": 2850, ""oich"": 80000}, {""ask"": 0, ""bid"": 0, ""oi"": 181000, ""option_type"": ""PE"", ""strike_price"": 2750, ""oich"": 181000}, {""ask"": 0, ""bid"": 0, ""oi"": 616000, ""option_type"": ""CE"", ""strike_price"": 3000, ""oich"": 616000}, {""ask"": 0, ""bid"": 0, ""oi"": 34000, ""option_type"": ""CE"", ""strike_price"": 3250, ""oich"": 34000}, {""ask"": 0, ""bid"": 0, ""oi"": 15000, ""option_type"": ""CE"", ""strike_price"": 3300, ""oich"": 15000}, {""ask"": 0, ""bid"": 0, ""oi"": 0, ""option_type"": ""PE"", ""strike_price"": 3300, ""oich"": 0}, {""ask"": 0, ""bid"": 0, ""oi"": 20000, ""option_type"": ""CE"", ""strike_price"": 3400, ""oich"": 20000}, {""ask"": 0, ""bid"": 0, ""oi"": 3000, ""option_type"": ""CE"", ""strike_price"": 2200, ""oich"": 3000}, {""ask"": 0, ""bid"": 0, ""oi"": 0, ""option_type"": ""PE"", ""strike_price"": 3050, ""oich"": 0}, {""ask"": 0, ""bid"": 0, ""oi"": 182000, ""option_type"": ""PE"", ""strike_price"": 2800, ""oich"": 182000}, {""ask"": 0, ""bid"": 0, ""oi"": 0, ""option_type"": ""CE"", ""strike_price"": 2650, ""oich"": 0}, {""ask"": 0, ""bid"": 0, ""oi"": 0, ""option_type"": ""CE"", ""strike_price"": 2550, ""oich"": 0}, {""ask"": 0, ""bid"": 0, ""oi"": 113000, ""option_type"": ""CE"", ""strike_price"": 3200, ""oich"": 113000}, {""ask"": 0, ""bid"": 0, ""oi"": 58000, ""option_type"": ""PE"", ""strike_price"": 3000, ""oich"": 58000}, {""ask"": 0, ""bid"": 0, ""oi"": 159000, ""option_type"": ""PE"", ""strike_price"": 2700, ""oich"": 159000}]",1206000,2025-12-29
2129000,,,"[{""ask"": 0, ""bid"": 0, ""oi"": 56000, ""option_type"": ""PE"", ""strike_price"": 2650, ""oich"": 19000}, {""ask"": 0, ""bid"": 0, ""oi"": 9000, ""option_type"": ""PE"", ""strike_price"": 2200, ""oich"": 5000}, {""ask"": 0, ""bid"": 0, ""oi"": 156000, ""option_type"": ""PE"", ""strike_price"": 2900, ""oich"": 15000}, {""ask"": 0, ""bid"": 0, ""oi"": 37000, ""option_type"": ""CE"", ""strike_price"": 3150, ""oich"": 3000}, {""ask"": 0, ""bid"": 0, ""oi"": 1000, ""option_type"": ""CE"", ""strike_price"": 2400, ""oich"": 1000}, {""ask"": 0, ""bid"": 0, ""oi"": 48000, ""option_type"": ""PE"", ""strike_price"": 2550, ""oich"": 18000}, {""ask"": 0, ""bid"": 0, ""oi"": 86000, ""option_type"": ""CE"", ""strike_price"": 2950, ""oich"": -1000}, {""ask"": 0, ""bid"": 0, ""oi"": 5000, ""option_type"": ""PE"", ""strike_price"": 3400, ""oich"": 3000}, {""ask"": 0, ""bid"": 0, ""oi"": 108000, ""option_type"": ""PE"", ""strike_price"": 2500, ""oich"": 12000}, {""ask"": 0, ""bid"": 0, ""oi"": 5000, ""option_type"": ""CE"", ""strike_price"": 2500, ""oich"": 5000}, {""ask"": 0, ""bid"": 0, ""oi"": 118000, ""option_type"": ""PE"", ""strike_price"": 2850, ""oich"": -7000}, {""ask"": 0, ""bid"": 0, ""oi"": 1000, ""option_type"": ""PE"", ""strike_price"": 3200, ""oich"": 0}, {""ask"": 0, ""bid"": 0, ""oi"": 10000, ""option_type"": ""PE"", ""strike_price"": 3100, ""oich"": 2000}, {""ask"": 0, ""bid"": 0, ""oi"": 20000, ""option_type"": ""CE"", ""strike_price"": 3400, ""oich"": 0}, {""ask"": 0, ""bid"": 0, ""oi"": 0, ""option_type"": ""PE"", ""strike_price"": 3300, ""oich"": 0}, {""ask"": 0, ""bid"": 0, ""oi"": 15000, ""option_type"": ""CE"", ""strike_price"": 3300, ""oich"": 0}, {""ask"": 0, ""bid"": 0, ""oi"": 53000, ""option_type"": ""CE"", ""strike_price"": 3250, ""oich"": 19000}, {""ask"": 0, ""bid"": 0, ""oi"": 612000, ""option_type"": ""CE"", ""strike_price"": 3000, ""oich"": -4000}, {""ask"": 0, ""bid"": 0, ""oi"": 281000, ""option_type"": ""PE"", ""strike_price"": 2600, ""oich"": 115000}, {""ask"": 0, ""bid"": 0, ""oi"": 25000, ""option_type"": ""CE"", ""strike_price"": 2750, ""oich"": 25000}, {""ask"": 0, ""bid"": 0, ""oi"": 208000, ""option_type"": ""PE"", ""strike_price"": 2800, ""oich"": 26000}, {""ask"": 0, ""bid"": 0, ""oi"": 1000, ""option_type"": ""PE"", ""strike_price"": 3050, ""oich"": 1000}, {""ask"": 0, ""bid"": 0, ""oi"": 3000, ""option_type"": ""CE"", ""strike_price"": 2200, ""oich"": 0}, {""ask"": 0, ""bid"": 0, ""oi"": 1000, ""option_type"": ""CE"", ""strike_price"": 2550, ""oich"": 1000}, {""ask"": 0, ""bid"": 0, ""oi"": 1000, ""option_type"": ""CE"", ""strike_price"": 2650, ""oich"": 1000}, {""ask"": 0, ""bid"": 0, ""oi"": 55000, ""option_type"": ""PE"", ""strike_price"": 2400, ""oich"": 39000}, {""ask"": 0, ""bid"": 0, ""oi"": 149000, ""option_type"": ""CE"", ""strike_price"": 2600, ""oich"": 0}, {""ask"": 0, ""bid"": 0, ""oi"": 227000, ""option_type"": ""CE"", ""strike_price"": 2800, ""oich"": 90000}, {""ask"": 0, ""bid"": 0, ""oi"": 79000, ""option_type"": ""CE"", ""strike_price"": 3050, ""oich"": 9000}, {""ask"": 0, ""bid"": 0, ""oi"": 386000, ""option_type"": ""CE"", ""strike_price"": 2900, ""oich"": 59000}, {""ask"": 0, ""bid"": 0, ""oi"": 8000, ""option_type"": ""CE"", ""strike_price"": 2700, ""oich"": 5000}, {""ask"": 0, ""bid"": 0, ""oi"": 2000, ""option_type"": ""PE"", ""strike_price"": 2950, ""oich"": 2000}, {""ask"": 0, ""bid"": 0, ""oi"": 113000, ""option_type"": ""CE"", ""strike_price"": 2850, ""oich"": 33000}, {""ask"": 0, ""bid"": 0, ""oi"": 191000, ""option_type"": ""PE"", ""strike_price"": 2750, ""oich"": 10000}, {""ask"": 0, ""bid"": 0, ""oi"": 1000, ""option_type"": ""PE"", ""strike_price"": 3150, ""oich"": 1000}, {""ask"": 0, ""bid"": 0, ""oi"": 2000, ""option_type"": ""PE"", ""strike_price"": 3250, ""oich"": 2000}, {""ask"": 0, ""bid"": 0, ""oi"": 166000, ""option_type"": ""CE"", ""strike_price"": 3100, ""oich"": 8000}, {""ask"": 0, ""bid"": 0, ""oi"": 142000, ""option_type"": ""CE"", ""strike_price"": 3200, ""oich"": 29000}, {""ask"": 0, ""bid"": 0, ""oi"": 58000, ""option_type"": ""PE"", ""strike_price"": 3000, ""oich"": 0}, {""ask"": 0, ""bid"": 0, ""oi"": 196000, ""option_type"": ""PE"", ""strike_price"": 2700, ""oich"": 37000}]",1506000,2025-12-30
2520000,,,"[{""ask"": 0, ""bid"": 0, ""oi"": 184000, ""option_type"": ""PE"", ""strike_price"": 2750, ""oich"": -7000}, {""ask"": 0, ""bid"": 0, ""oi"": 153000, ""option_type"": ""CE"", ""strike_price"": 2850, ""oich"": 40000}, {""ask"": 0, ""bid"": 0, ""oi"": 2000, ""option_type"": ""PE"", ""strike_price"": 2950, ""oich"": 0}, {""ask"": 0, ""bid"": 0, ""oi"": 1000, ""option_type"": ""PE"", ""strike_price"": 3150, ""oich"": 0}, {""ask"": 0, ""bid"": 0, ""oi"": 104000, ""option_type"": ""CE"", ""strike_price"": 2950, ""oich"": 18000}, {""ask"": 0, ""bid"": 0, ""oi"": 62000, ""option_type"": ""PE"", ""strike_price"": 2550, ""oich"": 14000}, {""ask"": 0, ""bid"": 0, ""oi"": 150000, ""option_type"": ""PE"", ""strike_price"": 2500, ""oich"": 42000}, {""ask"": 0, ""bid"": 0, ""oi"": 10000, ""option_type"": ""PE"", ""strike_price"": 3400, ""oich"": 5000}, {""ask"": 0, ""bid"": 0, ""oi"": 117000, ""option_type"": ""PE"", ""strike_price"": 2850, ""oich"": -1000}, {""ask"": 0, ""bid"": 0, ""oi"": 6000, ""option_type"": ""CE"", ""strike_price"": 2500, ""oich"": 1000}, {""ask"": 0, ""bid"": 0, ""oi"": 23000, ""option_type"": ""CE"", ""strike_price"": 2750, ""oich"": -2000}, {""ask"": 0, ""bid"": 0, ""oi"": 287000, ""option_type"": ""PE"", ""strike_price"": 2600, ""oich"": 6000}, {""ask"": 0, ""bid"": 0, ""oi"": 1000, ""option_type"": ""PE"", ""strike_price"": 3200, ""oich"": 0}, {""ask"": 0, ""bid"": 0, ""oi"": 10000, ""option_type"": ""PE"", ""strike_price"": 3100, ""oich"": 0}, {""ask"": 0, ""bid"": 0, ""oi"": 2000, ""option_type"": ""PE"", ""strike_price"": 3250, ""oich"": 0}, {""ask"": 0, ""bid"": 0, ""oi"": 83000, ""option_type"": ""CE"", ""strike_price"": 3050, ""oich"": 4000}, {""ask"": 0, ""bid"": 0, ""oi"": 401000, ""option_type"": ""CE"", ""strike_price"": 2900, ""oich"": 15000}, {""ask"": 0, ""bid"": 0, ""oi"": 13000, ""option_type"": ""CE"", ""strike_price"": 2700, ""oich"": 5000}, {""ask"": 0, ""bid"": 0, ""oi"": 1000, ""option_type"": ""PE"", ""strike_price"": 3050, ""oich"": 0}, {""ask"": 0, ""bid"": 0, ""oi"": 226000, ""option_type"": ""PE"", ""strike_price"": 2800, ""oich"": 18000}, {""ask"": 0, ""bid"": 0, ""oi"": 1000, ""option_type"": ""CE"", ""strike_price"": 2650, ""oich"": 0}, {""ask"": 0, ""bid"": 0, ""oi"": 1000, ""option_type"": ""CE"", ""strike_price"": 2550, ""oich"": 0}, {""ask"": 0, ""bid"": 0, ""oi"": 3000, ""option_type"": ""CE"", ""strike_price"": 2200, ""oich"": 0}, {""ask"": 0, ""bid"": 0, ""oi"": 22000, ""option_type"": ""CE"", ""strike_price"": 3400, ""oich"": 2000}, {""ask"": 0, ""bid"": 0, ""oi"": 51000, ""option_type"": ""CE"", ""strike_price"": 3300, ""oich"": 36000}, {""ask"": 0, ""bid"": 0, ""oi"": 53000, ""option_type"": ""CE"", ""strike_price"": 3250, ""oich"": 0}, {""ask"": 0, ""bid"": 0, ""oi"": 700000, ""option_type"": ""CE"", ""strike_price"": 3000, ""oich"": 88000}, {""ask"": 0, ""bid"": 0, ""oi"": 0, ""option_type"": ""PE"", ""strike_price"": 3300, ""oich"": 0}, {""ask"": 0, ""bid"": 0, ""oi"": 67000, ""option_type"": ""PE"", ""strike_price"": 2650, ""oich"": 11000}, {""ask"": 0, ""bid"": 0, ""oi"": 199000, ""option_type"": ""CE"", ""strike_price"": 3200, ""oich"": 57000}, {""ask"": 0, ""bid"": 0, ""oi"": 58000, ""option_type"": ""PE"", ""strike_price"": 3000, ""oich"": 0}, {""ask"": 0, ""bid"": 0, ""oi"": 231000, ""option_type"": ""PE"", ""strike_price"": 2700, ""oich"": 35000}, {""ask"": 0, ""bid"": 0, ""oi"": 11000, ""option_type"": ""PE"", ""strike_price"": 2200, ""oich"": 2000}, {""ask"": 0, ""bid"": 0, ""oi"": 150000, ""option_type"": ""CE"", ""strike_price"": 2600, ""oich"": 1000}, {""ask"": 0, ""bid"": 0, ""oi"": 105000, ""option_type"": ""PE"", ""strike_price"": 2400, ""oich"": 50000}, {""ask"": 0, ""bid"": 0, ""oi"": 320000, ""option_type"": ""CE"", ""strike_price"": 2800, ""oich"": 93000}, {""ask"": 0, ""bid"": 0, ""oi"": 47000, ""option_type"": ""CE"", ""strike_price"": 3150, ""oich"": 10000}, {""ask"": 0, ""bid"": 0, ""oi"": 163000, ""option_type"": ""PE"", ""strike_price"": 2900, ""oich"": 7000}, {""ask"": 0, ""bid"": 0, ""oi"": 1000, ""option_type"": ""CE"", ""strike_price"": 2400, ""oich"": 0}, {""ask"": 0, ""bid"": 0, ""oi"": 189000, ""option_type"": ""CE"", ""strike_price"": 3100, ""oich"": 23000}]",1688000,2025-12-31
2612000,,,"[{""ask"": 0, ""bid"": 0, ""oi"": 750000, ""option_type"": ""CE"", ""strike_price"": 3000, ""oich"": 50000}, {""ask"": 0, ""bid"": 0, ""oi"": 55000, ""option_type"": ""CE"", ""strike_price"": 3250, ""oich"": 2000}, {""ask"": 0, ""bid"": 0, ""oi"": 88000, ""option_type"": ""CE"", ""strike_price"": 3300, ""oich"": 37000}, {""ask"": 0, ""bid"": 0, ""oi"": 7000, ""option_type"": ""CE"", ""strike_price"": 2500, ""oich"": 1000}, {""ask"": 0, ""bid"": 0, ""oi"": 123000, ""option_type"": ""PE"", ""strike_price"": 2850, ""oich"": 6000}, {""ask"": 0, ""bid"": 0, ""oi"": 207000, ""option_type"": ""CE"", ""strike_price"": 3100, ""oich"": 18000}, {""ask"": 0, ""bid"": 0, ""oi"": 2000, ""option_type"": ""PE"", ""strike_price"": 3250, ""oich"": 0}, {""ask"": 0, ""bid"": 0, ""oi"": 264000, ""option_type"": ""PE"", ""strike_price"": 2800, ""oich"": 38000}, {""ask"": 0, ""bid"": 0, ""oi"": 1000, ""option_type"": ""PE"", ""strike_price"": 3050, ""oich"": 0}, {""ask"": 0, ""bid"": 0, ""oi"": 1000, ""option_type"": ""CE"", ""strike_price"": 2550, ""oich"": 0}, {""ask"": 0, ""bid"": 0, ""oi"": 3000, ""option_type"": ""CE"", ""strike_price"": 2200, ""oich"": 0}, {""ask"": 0, ""bid"": 0, ""oi"": 1000, ""option_type"": ""CE"", ""strike_price"": 2650, ""oich"": 0}, {""ask"": 0, ""bid"": 0, ""oi"": 30000, ""option_type"": ""PE"", ""strike_price"": 2200, ""oich"": 19000}, {""ask"": 0, ""bid"": 0, ""oi"": 71000, ""option_type"": ""PE"", ""strike_price"": 2650, ""oich"": 4000}, {""ask"": 0, ""bid"": 0, ""oi"": 225000, ""option_type"": ""PE"", ""strike_price"": 2700, ""oich"": -6000}, {""ask"": 0, ""bid"": 0, ""oi"": 58000, ""option_type"": ""PE"", ""strike_price"": 3000, ""oich"": 0}, {""ask"": 0, ""bid"": 0, ""oi"": 197000, ""option_type"": ""CE"", ""strike_price"": 3200, ""oich"": -2000}, {""ask"": 0, ""bid"": 0, ""oi"": 403000, ""option_type"": ""CE"", ""strike_price"": 2900, ""oich"": 2000}, {""ask"": 0, ""bid"": 0, ""oi"": 94000, ""option_type"": ""CE"", ""strike_price"": 3050, ""oich"": 11000}, {""ask"": 0, ""bid"": 0, ""oi"": 18000, ""option_type"": ""CE"", ""strike_price"": 2700, ""oich"": 5000}, {""ask"": 0, ""bid"": 0, ""oi"": 1000, ""option_type"": ""PE"", ""strike_price"": 3150, ""oich"": 0}, {""ask"": 0, ""bid"": 0, ""oi"": 2000, ""option_type"": ""PE"", ""strike_price"": 2950, ""oich"": 0}, {""ask"": 0, ""bid"": 0, ""oi"": 157000, ""option_type"": ""CE"", ""strike_price"": 2850, ""oich"": 4000}, {""ask"": 0, ""bid"": 0, ""oi"": 177000, ""option_type"": ""PE"", ""strike_price"": 2750, ""oich"": -7000}, {""ask"": 0, ""bid"": 0, ""oi"": 287000, ""option_type"": ""PE"", ""strike_price"": 2600, ""oich"": 0}, {""ask"": 0, ""bid"": 0, ""oi"": 21000, ""option_type"": ""CE"", ""strike_price"": 2750, ""oich"": -2000}, {""ask"": 0, ""bid"": 0, ""oi"": 47000, ""option_type"": ""CE"", ""strike_price"": 3150, ""oich"": 0}, {""ask"": 0, ""bid"": 0, ""oi"": 1000, ""option_type"": ""CE"", ""strike_price"": 2400, ""oich"": 0}, {""ask"": 0, ""bid"": 0, ""oi"": 167000, ""option_type"": ""PE"", ""strike_price"": 2900, ""oich"": 4000}, {""ask"": 0, ""bid"": 0, ""oi"": 10000, ""option_type"": ""PE"", ""strike_price"": 3400, ""oich"": 0}, {""ask"": 0, ""bid"": 0, ""oi"": 138000, ""option_type"": ""PE"", ""strike_price"": 2500, ""oich"": -12000}, {""ask"": 0, ""bid"": 0, ""oi"": 59000, ""option_type"": ""PE"", ""strike_price"": 2550, ""oich"": -3000}, {""ask"": 0, ""bid"": 0, ""oi"": 114000, ""option_type"": ""CE"", ""strike_price"": 2950, ""oich"": 10000}, {""ask"": 0, ""bid"": 0, ""oi"": 148000, ""option_type"": ""CE"", ""strike_price"": 2600, ""oich"": -2000}, {""ask"": 0, ""bid"": 0, ""oi"": 109000, ""option_type"": ""PE"", ""strike_price"": 2400, ""oich"": 4000}, {""ask"": 0, ""bid"": 0, ""oi"": 275000, ""option_type"": ""CE"", ""strike_price"": 2800, ""oich"": -45000}, {""ask"": 0, ""bid"": 0, ""oi"": 1000, ""option_type"": ""PE"", ""strike_price"": 3200, ""oich"": 0}, {""ask"": 0, ""bid"": 0, ""oi"": 10000, ""option_type"": ""PE"", ""strike_price"": 3100, ""oich"": 0}, {""ask"": 0, ""bid"": 0, ""oi"": 25000, ""option_type"": ""CE"", ""strike_price"": 3400, ""oich"": 3000}]",1735000,2026-01-01
3306000,,,"[{""ask"": 0, ""bid"": 0, ""oi"": 131000, ""option_type"": ""PE"", ""strike_price"": 2500, ""oich"": -7000}, {""ask"": 0, ""bid"": 0, ""oi"": 79000, ""option_type"": ""PE"", ""strike_price"": 2550, ""oich"": 20000}, {""ask"": 0, ""bid"": 0, ""oi"": 133000, ""option_type"": ""CE"", ""strike_price"": 2950, ""oich"": 19000}, {""ask"": 0, ""bid"": 0, ""oi"": 10000, ""option_type"": ""PE"", ""strike_price"": 3400, ""oich"": 0}, {""ask"": 0, ""bid"": 0, ""oi"": 25000, ""option_type"": ""CE"", ""strike_price"": 3400, ""oich"": 0}, {""ask"": 0, ""bid"": 0, ""oi"": 794000, ""option_type"": ""CE"", ""strike_price"": 3000, ""oich"": 44000}, {""ask"": 0, ""bid"": 0, ""oi"": 84000, ""option_type"": ""CE"", ""strike_price"": 3250, ""oich"": 29000}, {""ask"": 0, ""bid"": 0, ""oi"": 88000, ""option_type"": ""CE"", ""strike_price"": 3300, ""oich"": 0}, {""ask"": 0, ""bid"": 0, ""oi"": 489000, ""option_type"": ""CE"", ""strike_price"": 2900, ""oich"": 86000}, {""ask"": 0, ""bid"": 0, ""oi"": 318000, ""option_type"": ""CE"", ""strike_price"": 3050, ""oich"": 224000}, {""ask"": 0, ""bid"": 0, ""oi"": 18000, ""option_type"": ""CE"", ""strike_price"": 2700, ""oich"": 0}, {""ask"": 0, ""bid"": 0, ""oi"": 1000, ""option_type"": ""CE"", ""strike_price"": 2400, ""oich"": 0}, {""ask"": 0, ""bid"": 0, ""oi"": 176000, ""option_type"": ""PE"", ""strike_price"": 2900, ""oich"": 9000}, {""ask"": 0, ""bid"": 0, ""oi"": 64000, ""option_type"": ""CE"", ""strike_price"": 3150, ""oich"": 17000}, {""ask"": 0, ""bid"": 0, ""oi"": 3000, ""option_type"": ""CE"", ""strike_price"": 2200, ""oich"": 0}, {""ask"": 0, ""bid"": 0, ""oi"": 1000, ""option_type"": ""PE"", ""strike_price"": 3050, ""oich"": 0}, {""ask"": 0, ""bid"": 0, ""oi"": 304000, ""option_type"": ""PE"", ""strike_price"": 2800, ""oich"": 40000}, {""ask"": 0, ""bid"": 0, ""oi"": 1000, ""option_type"": ""CE"", ""strike_price"": 2650, ""oich"": 0}, {""ask"": 0, ""bid"": 0, ""oi"": 1000, ""option_type"": ""CE"", ""strike_price"": 2550, ""oich"": 0}, {""ask"": 0, ""bid"": 0, ""oi"": 133000, ""option_type"": ""PE"", ""strike_price"": 2850, ""oich"": 10000}, {""ask"": 0, ""bid"": 0, ""oi"": 7000, ""option_type"": ""CE"", ""strike_price"": 2500, ""oich"": 0}, {""ask"": 0, ""bid"": 0, ""oi"": 1000, ""option_type"": ""PE"", ""strike_price"": 3200, ""oich"": 0}, {""ask"": 0, ""bid"": 0, ""oi"": 10000, ""option_type"": ""PE"", ""strike_price"": 3100, ""oich"": 0}, {""ask"": 0, ""bid"": 0, ""oi"": 223000, ""option_type"": ""CE"", ""strike_price"": 3100, ""oich"": 16000}, {""ask"": 0, ""bid"": 0, ""oi"": 2000, ""option_type"": ""PE"", ""strike_price"": 3250, ""oich"": 0}, {""ask"": 0, ""bid"": 0, ""oi"": 129000, ""option_type"": ""PE"", ""strike_price"": 2400, ""oich"": 20000}, {""ask"": 0, ""bid"": 0, ""oi"": 148000, ""option_type"": ""CE"", ""strike_price"": 2600, ""oich"": 0}, {""ask"": 0, ""bid"": 0, ""oi"": 321000, ""option_type"": ""CE"", ""strike_price"": 2800, ""oich"": 46000}, {""ask"": 0, ""bid"": 0, ""oi"": 2000, ""option_type"": ""PE"", ""strike_price"": 2950, ""oich"": 0}, {""ask"": 0, ""bid"": 0, ""oi"": 314000, ""option_type"": ""CE"", ""strike_price"": 2850, ""oich"": 157000}, {""ask"": 0, ""bid"": 0, ""oi"": 189000, ""option_type"": ""PE"", ""strike_price"": 2750, ""oich"": 12000}, {""ask"": 0, ""bid"": 0, ""oi"": 1000, ""option_type"": ""PE"", ""strike_price"": 3150, ""oich"": 0}, {""ask"": 0, ""bid"": 0, ""oi"": 35000, ""option_type"": ""PE"", ""strike_price"": 2200, ""oich"": 5000}, {""ask"": 0, ""bid"": 0, ""oi"": 253000, ""option_type"": ""CE"", ""strike_price"": 3200, ""oich"": 56000}, {""ask"": 0, ""bid"": 0, ""oi"": 55000, ""option_type"": ""PE"", ""strike_price"": 3000, ""oich"": -3000}, {""ask"": 0, ""bid"": 0, ""oi"": 258000, ""option_type"": ""PE"", ""strike_price"": 2700, ""oich"": 33000}, {""ask"": 0, ""bid"": 0, ""oi"": 94000, ""option_type"": ""PE"", ""strike_price"": 2650, ""oich"": 23000}, {""ask"": 0, ""bid"": 0, ""oi"": 339000, ""option_type"": ""PE"", ""strike_price"": 2600, ""oich"": 52000}, {""ask"": 0, ""bid"": 0, ""oi"": 21000, ""option_type"": ""CE"", ""strike_price"": 2750, ""oich"": 0}]",1949000,2026-01-02
3457000,,,"[{""ask"": 0, ""bid"": 0, ""oi"": 384000, ""option_type"": ""CE"", ""strike_price"": 2800, ""oich"": 63000}, {""ask"": 0, ""bid"": 0, ""oi"": 1000, ""option_type"": ""CE"", ""strike_price"": 2550, ""oich"": 0}, {""ask"": 0, ""bid"": 0, ""oi"": 10000, ""option_type"": ""PE"", ""strike_price"": 3100, ""oich"": 0}, {""ask"": 0, ""bid"": 0, ""oi"": 26000, ""option_type"": ""CE"", ""strike_price"": 3400, ""oich"": 1000}, {""ask"": 0, ""bid"": 0, ""oi"": 263000, ""option_type"": ""CE"", ""strike_price"": 3200, ""oich"": 10000}, {""ask"": 0, ""bid"": 0, ""oi"": 1000, ""option_type"": ""PE"", ""strike_price"": 3150, ""oich"": 0}, {""ask"": 0, ""bid"": 0, ""oi"": 7000, ""option_type"": ""CE"", ""strike_price"": 2500, ""oich"": 0}, {""ask"": 0, ""bid"": 0, ""oi"": 322000, ""option_type"": ""PE"", ""strike_price"": 2600, ""oich"": -17000}, {""ask"": 0, ""bid"": 0, ""oi"": 8000, ""option_type"": ""PE"", ""strike_price"": 2950, ""oich"": 6000}, {""ask"": 0, ""bid"": 0, ""oi"": 1000, ""option_type"": ""PE"", ""strike_price"": 3050, ""oich"": 0}, {""ask"": 0, ""bid"": 0, ""oi"": 206000, ""option_type"": ""CE"", ""strike_price"": 3100, ""oich"": -17000}, {""ask"": 0, ""bid"": 0, ""oi"": 154000, ""option_type"": ""CE"", ""strike_price"": 2950, ""oich"": 21000}, {""ask"": 0, ""bid"": 0, ""oi"": 1000, ""option_type"": ""CE"", ""strike_price"": 2400, ""oich"": 0}, {""ask"": 0, ""bid"": 0, ""oi"": 36000, ""option_type"": ""PE"", ""strike_price"": 2200, ""oich"": 1000}, {""ask"": 0, ""bid"": 0, ""oi"": 100000, ""option_type"": ""PE"", ""strike_price"": 2650, ""oich"": 6000}, {""ask"": 0, ""bid"": 0, ""oi"": 309000, ""option_type"": ""PE"", ""strike_price"": 2800, ""oich"": 5000}, {""ask"": 0, ""bid"": 0, ""oi"": 87000, ""option_type"": ""CE"", ""strike_price"": 3300, ""oich"": -1000}, {""ask"": 0, ""bid"": 0, ""oi"": 130000, ""option_type"": ""PE"", ""strike_price"": 2400, ""oich"": 1000}, {""ask"": 0, ""bid"": 0, ""oi"": 178000, ""option_type"": ""PE"", ""strike_price"": 2900, ""oich"": 2000}, {""ask"": 0, ""bid"": 0, ""oi"": 2000, ""option_type"": ""PE"", ""strike_price"": 3250, ""oich"": 0}, {""ask"": 0, ""bid"": 0, ""oi"": 323000, ""option_type"": ""CE"", ""strike_price"": 3050, ""oich"": 5000}, {""ask"": 0, ""bid"": 0, ""oi"": 57000, ""option_type"": ""PE"", ""strike_price"": 3000, ""oich"": 2000}, {""ask"": 0, ""bid"": 0, ""oi"": 781000, ""option_type"": ""CE"", ""strike_price"": 3000, ""oich"": -13000}, {""ask"": 0, ""bid"": 0, ""oi"": 279000, ""option_type"": ""PE"", ""strike_price"": 2700, ""oich"": 21000}, {""ask"": 0, ""bid"": 0, ""oi"": 1000, ""option_type"": ""CE"", ""strike_price"": 2650, ""oich"": 0}, {""ask"": 0, ""bid"": 0, ""oi"": 245000, ""option_type"": ""PE"", ""strike_price"": 2750, ""oich"": 56000}, {""ask"": 0, ""bid"": 0, ""oi"": 147000, ""option_type"": ""PE"", ""strike_price"": 2850, ""oich"": 14000}, {""ask"": 0, ""bid"": 0, ""oi"": 518000, ""option_type"": ""CE"", ""strike_price"": 2900, ""oich"": 29000}, {""ask"": 0, ""bid"": 0, ""oi"": 83000, ""option_type"": ""CE"", ""strike_price"": 3250, ""oich"": -1000}, {""ask"": 0, ""bid"": 0, ""oi"": 158000, ""option_type"": ""PE"", ""strike_price"": 2550, ""oich"": 79000}, {""ask"": 0, ""bid"": 0, ""oi"": 8000, ""option_type"": ""PE"", ""strike_price"": 3200, ""oich"": 7000}, {""ask"": 0, ""bid"": 0, ""oi"": 82000, ""option_type"": ""CE"", ""strike_price"": 3150, ""oich"": 18000}, {""ask"": 0, ""bid"": 0, ""oi"": 3000, ""option_type"": ""CE"", ""strike_price"": 2200, ""oich"": 0}, {""ask"": 0, ""bid"": 0, ""oi"": 148000, ""option_type"": ""CE"", ""strike_price"": 2600, ""oich"": 0}, {""ask"": 0, ""bid"": 0, ""oi"": 121000, ""option_type"": ""PE"", ""strike_price"": 2500, ""oich"": -10000}, {""ask"": 0, ""bid"": 0, ""oi"": 10000, ""option_type"": ""PE"", ""strike_price"": 3400, ""oich"": 0}, {""ask"": 0, ""bid"": 0, ""oi"": 34000, ""option_type"": ""CE"", ""strike_price"": 2750, ""oich"": 13000}, {""ask"": 0, ""bid"": 0, ""oi"": 326000, ""option_type"": ""CE"", ""strike_price"": 2850, ""oich"": 12000}, {""ask"": 0, ""bid"": 0, ""oi"": 29000, ""option_type"": ""CE"", ""strike_price"": 2700, ""oich"": 11000}]",2122000,2026-01-05
3524000,,,"[{""ask"": 0, ""bid"": 0, ""oi"": 2000, ""option_type"": ""PE"", ""strike_price"": 3250, ""oich"": 0}, {""ask"": 0, ""bid"": 0, ""oi"": 191000, ""option_type"": ""PE"", ""strike_price"": 2900, ""oich"": 13000}, {""ask"": 0, ""bid"": 0, ""oi"": 327000, ""option_type"": ""CE"", ""strike_price"": 2850, ""oich"": 1000}, {""ask"": 0, ""bid"": 0, ""oi"": 10000, ""option_type"": ""PE"", ""strike_price"": 3400, ""oich"": 0}, {""ask"": 0, ""bid"": 0, ""oi"": 159000, ""option_type"": ""PE"", ""strike_price"": 2500, ""oich"": 38000}, {""ask"": 0, ""bid"": 0, ""oi"": 148000, ""option_type"": ""CE"", ""strike_price"": 2600, ""oich"": 0}, {""ask"": 0, ""bid"": 0, ""oi"": 32000, ""option_type"": ""CE"", ""strike_price"": 2750, ""oich"": -2000}, {""ask"": 0, ""bid"": 0, ""oi"": 786000, ""option_type"": ""CE"", ""strike_price"": 3000, ""oich"": 5000}, {""ask"": 0, ""bid"": 0, ""oi"": 58000, ""option_type"": ""PE"", ""strike_price"": 3000, ""oich"": 1000}, {""ask"": 0, ""bid"": 0, ""oi"": 330000, ""option_type"": ""CE"", ""strike_price"": 3050, ""oich"": 7000}, {""ask"": 0, ""bid"": 0, ""oi"": 270000, ""option_type"": ""CE"", ""strike_price"": 3200, ""oich"": 7000}, {""ask"": 0, ""bid"": 0, ""oi"": 1000, ""option_type"": ""CE"", ""strike_price"": 2650, ""oich"": 0}, {""ask"": 0, ""bid"": 0, ""oi"": 286000, ""option_type"": ""PE"", ""strike_price"": 2700, ""oich"": 7000}, {""ask"": 0, ""bid"": 0, ""oi"": 120000, ""option_type"": ""PE"", ""strike_price"": 2650, ""oich"": 20000}, {""ask"": 0, ""bid"": 0, ""oi"": 1000, ""option_type"": ""CE"", ""strike_price"": 2400, ""oich"": 0}, {""ask"": 0, ""bid"": 0, ""oi"": 38000, ""option_type"": ""PE"", ""strike_price"": 2200, ""oich"": 2000}, {""ask"": 0, ""bid"": 0, ""oi"": 213000, ""option_type"": ""CE"", ""strike_price"": 3100, ""oich"": 7000}, {""ask"": 0, ""bid"": 0, ""oi"": 153000, ""option_type"": ""CE"", ""strike_price"": 2950, ""oich"": -1000}, {""ask"": 0, ""bid"": 0, ""oi"": 304000, ""option_type"": ""PE"", ""strike_price"": 2600, ""oich"": -18000}, {""ask"": 0, ""bid"": 0, ""oi"": 1000, ""option_type"": ""PE"", ""strike_price"": 3050, ""oich"": 0}, {""ask"": 0, ""bid"": 0, ""oi"": 8000, ""option_type"": ""PE"", ""strike_price"": 2950, ""oich"": 0}, {""ask"": 0, ""bid"": 0, ""oi"": 1000, ""option_type"": ""CE"", ""strike_price"": 2550, ""oich"": 0}, {""ask"": 0, ""bid"": 0, ""oi"": 10000, ""option_type"": ""PE"", ""strike_price"": 3100, ""oich"": 0}, {""ask"": 0, ""bid"": 0, ""oi"": 29000, ""option_type"": ""CE"", ""strike_price"": 3400, ""oich"": 3000}, {""ask"": 0, ""bid"": 0, ""oi"": 32000, ""option_type"": ""CE"", ""strike_price"": 2700, ""oich"": 3000}, {""ask"": 0, ""bid"": 0, ""oi"": 383000, ""option_type"": ""CE"", ""strike_price"": 2800, ""oich"": -1000}, {""ask"": 0, ""bid"": 0, ""oi"": 356000, ""option_type"": ""PE"", ""strike_price"": 2800, ""oich"": 47000}, {""ask"": 0, ""bid"": 0, ""oi"": 87000, ""option_type"": ""CE"", ""strike_price"": 3300, ""oich"": 0}, {""ask"": 0, ""bid"": 0, ""oi"": 83000, ""option_type"": ""CE"", ""strike_price"": 3250, ""oich"": 0}, {""ask"": 0, ""bid"": 0, ""oi"": 552000, ""option_type"": ""CE"", ""strike_price"": 2900, ""oich"": 34000}, {""ask"": 0, ""bid"": 0, ""oi"": 166000, ""option_type"": ""PE"", ""strike_price"": 2850, ""oich"": 19000}, {""ask"": 0, ""bid"": 0, ""oi"": 251000, ""option_type"": ""PE"", ""strike_price"": 2750, ""oich"": 6000}, {""ask"": 0, ""bid"": 0, ""oi"": 8000, ""option_type"": ""PE"", ""strike_price"": 3200, ""oich"": 0}, {""ask"": 0, ""bid"": 0, ""oi"": 86000, ""option_type"": ""CE"", ""strike_price"": 3150, ""oich"": 4000}, {""ask"": 0, ""bid"": 0, ""oi"": 161000, ""option_type"": ""PE"", ""strike_price"": 2550, ""oich"": 3000}, {""ask"": 0, ""bid"": 0, ""oi"": 1000, ""option_type"": ""PE"", ""strike_price"": 3150, ""oich"": 0}, {""ask"": 0, ""bid"": 0, ""oi"": 7000, ""option_type"": ""CE"", ""strike_price"": 2500, ""oich"": 0}, {""ask"": 0, ""bid"": 0, ""oi"": 3000, ""option_type"": ""CE"", ""strike_price"": 2200, ""oich"": 0}, {""ask"": 0, ""bid"": 0, ""oi"": 127000, ""option_type"": ""PE"", ""strike_price"": 2400, ""oich"": -3000}]",2257000,2026-01-06
3359000,,,"[{""ask"": 0, ""bid"": 0, ""oi"": 270000, ""option_type"": ""CE"", ""strike_price"": 2800, ""oich"": -113000}, {""ask"": 0, ""bid"": 0, ""oi"": 113000, ""option_type"": ""CE"", ""strike_price"": 3150, ""oich"": 27000}, {""ask"": 0, ""bid"": 0, ""oi"": 260000, ""option_type"": ""PE"", ""strike_price"": 2700, ""oich"": -26000}, {""ask"": 0, ""bid"": 0, ""oi"": 738000, ""option_type"": ""CE"", ""strike_price"": 3000, ""oich"": -48000}, {""ask"": 0, ""bid"": 0, ""oi"": 65000, ""option_type"": ""PE"", ""strike_price"": 3000, ""oich"": 7000}, {""ask"": 0, ""bid"": 0, ""oi"": 308000, ""option_type"": ""CE"", ""strike_price"": 3050, ""oich"": -22000}, {""ask"": 0, ""bid"": 0, ""oi"": 240000, ""option_type"": ""CE"", ""strike_price"": 3200, ""oich"": -30000}, {""ask"": 0, ""bid"": 0, ""oi"": 1000, ""option_type"": ""CE"", ""strike_price"": 2650, ""oich"": 0}, {""ask"": 0, ""bid"": 0, ""oi"": 40000, ""option_type"": ""PE"", ""strike_price"": 2200, ""oich"": 2000}, {""ask"": 0, ""bid"": 0, ""oi"": 1000, ""option_type"": ""CE"", ""strike_price"": 2400, ""oich"": 0}, {""ask"": 0, ""bid"": 0, ""oi"": 116000, ""option_type"": ""PE"", ""strike_price"": 2650, ""oich"": -4000}, {""ask"": 0, ""bid"": 0, ""oi"": 145000, ""option_type"": ""CE"", ""strike_price"": 2950, ""oich"": -8000}, {""ask"": 0, ""bid"": 0, ""oi"": 432000, ""option_type"": ""CE"", ""strike_price"": 3100, ""oich"": 219000}, {""ask"": 0, ""bid"": 0, ""oi"": 8000, ""option_type"": ""PE"", ""strike_price"": 2950, ""oich"": 0}, {""ask"": 0, ""bid"": 0, ""oi"": 323000, ""option_type"": ""PE"", ""strike_price"": 2600, ""oich"": 19000}, {""ask"": 0, ""bid"": 0, ""oi"": 1000, ""option_type"": ""PE"", ""strike_price"": 3050, ""oich"": 0}, {""ask"": 0, ""bid"": 0, ""oi"": 8000, ""option_type"": ""PE"", ""strike_price"": 3200, ""oich"": 0}, {""ask"": 0, ""bid"": 0, ""oi"": 161000, ""option_type"": ""PE"", ""strike_price"": 2550, ""oich"": 0}, {""ask"": 0, ""bid"": 0, ""oi"": 2000, ""option_type"": ""PE"", ""strike_price"": 3250, ""oich"": 0}, {""ask"": 0, ""bid"": 0, ""oi"": 124000, ""option_type"": ""PE"", ""strike_price"": 2400, ""oich"": -3000}, {""ask"": 0, ""bid"": 0, ""oi"": 202000, ""option_type"": ""PE"", ""strike_price"": 2900, ""oich"": 11000}, {""ask"": 0, ""bid"": 0, ""oi"": 1000, ""option_type"": ""PE"", ""strike_price"": 3150, ""oich"": 0}, {""ask"": 0, ""bid"": 0, ""oi"": 10000, ""option_type"": ""CE"", ""strike_price"": 2500, ""oich"": 3000}, {""ask"": 0, ""bid"": 0, ""oi"": 3000, ""option_type"": ""CE"", ""strike_price"": 2200, ""oich"": 0}, {""ask"": 0, ""bid"": 0, ""oi"": 147000, ""option_type"": ""CE"", ""strike_price"": 2600, ""oich"": -1000}, {""ask"": 0, ""bid"": 0, ""oi"": 146000, ""option_type"": ""PE"", ""strike_price"": 2500, ""oich"": -13000}, {""ask"": 0, ""bid"": 0, ""oi"": 10000, ""option_type"": ""PE"", ""strike_price"": 3400, ""oich"": 0}, {""ask"": 0, ""bid"": 0, ""oi"": 191000, ""option_type"": ""CE"", ""strike_price"": 2850, ""oich"": -136000}, {""ask"": 0, ""bid"": 0, ""oi"": 32000, ""option_type"": ""CE"", ""strike_price"": 2750, ""oich"": 0}, {""ask"": 0, ""bid"": 0, ""oi"": 406000, ""option_type"": ""PE"", ""strike_price"": 2800, ""oich"": 50000}, {""ask"": 0, ""bid"": 0, ""oi"": 99000, ""option_type"": ""CE"", ""strike_price"": 3300, ""oich"": 12000}, {""ask"": 0, ""bid"": 0, ""oi"": 1000, ""option_type"": ""CE"", ""strike_price"": 2550, ""oich"": 0}, {""ask"": 0, ""bid"": 0, ""oi"": 10000, ""option_type"": ""PE"", ""strike_price"": 3100, ""oich"": 0}, {""ask"": 0, ""bid"": 0, ""oi"": 38000, ""option_type"": ""CE"", ""strike_price"": 3400, ""oich"": 9000}, {""ask"": 0, ""bid"": 0, ""oi"": 280000, ""option_type"": ""PE"", ""strike_price"": 2750, ""oich"": 29000}, {""ask"": 0, ""bid"": 0, ""oi"": 188000, ""option_type"": ""PE"", ""strike_price"": 2850, ""oich"": 22000}, {""ask"": 0, ""bid"": 0, ""oi"": 472000, ""option_type"": ""CE"", ""strike_price"": 2900, ""oich"": -80000}, {""ask"": 0, ""bid"": 0, ""oi"": 87000, ""option_type"": ""CE"", ""strike_price"": 3250, ""oich"": 4000}, {""ask"": 0, ""bid"": 0, ""oi"": 31000, ""option_type"": ""CE"", ""strike_price"": 2700, ""oich"": -1000}]",2351000,2026-01-07
3677000,,,"[{""ask"": 0, ""bid"": 0, ""oi"": 20000, ""option_type"": ""CE"", ""strike_price"": 2500, ""oich"": 10000}, {""ask"": 0, ""bid"": 0, ""oi"": 7000, ""option_type"": ""PE"", ""strike_price"": 3150, ""oich"": 6000}, {""ask"": 0, ""bid"": 0, ""oi"": 150000, ""option_type"": ""CE"", ""strike_price"": 3150, ""oich"": 37000}, {""ask"": 0, ""bid"": 0, ""oi"": 18000, ""option_type"": ""PE"", ""strike_price"": 3200, ""oich"": 10000}, {""ask"": 0, ""bid"": 0, ""oi"": 163000, ""option_type"": ""PE"", ""strike_price"": 2550, ""oich"": 2000}, {""ask"": 0, ""bid"": 0, ""oi"": 175000, ""option_type"": ""PE"", ""strike_price"": 2900, ""oich"": -27000}, {""ask"": 0, ""bid"": 0, ""oi"": 124000, ""option_type"": ""PE"", ""strike_price"": 2400, ""oich"": 0}, {""ask"": 0, ""bid"": 0, ""oi"": 2000, ""option_type"": ""PE"", ""strike_price"": 3250, ""oich"": 0}, {""ask"": 0, ""bid"": 0, ""oi"": 0, ""option_type"": ""PE"", ""strike_price"": 3300, ""oich"": 0}, {""ask"": 0, ""bid"": 0, ""oi"": 491000, ""option_type"": ""CE"", ""strike_price"": 2900, ""oich"": 19000}, {""ask"": 0, ""bid"": 0, ""oi"": 275000, ""option_type"": ""PE"", ""strike_price"": 2750, ""oich"": -5000}, {""ask"": 0, ""bid"": 0, ""oi"": 179000, ""option_type"": ""PE"", ""strike_price"": 2850, ""oich"": -9000}, {""ask"": 0, ""bid"": 0, ""oi"": 87000, ""option_type"": ""CE"", ""strike_price"": 3250, ""oich"": 0}, {""ask"": 0, ""bid"": 0, ""oi"": 10000, ""option_type"": ""PE"", ""strike_price"": 3400, ""oich"": 0}, {""ask"": 0, ""bid"": 0, ""oi"": 344000, ""option_type"": ""CE"", ""strike_price"": 2850, ""oich"": 153000}, {""ask"": 0, ""bid"": 0, ""oi"": 26000, ""option_type"": ""CE"", ""strike_price"": 2750, ""oich"": -6000}, {""ask"": 0, ""bid"": 0, ""oi"": 147000, ""option_type"": ""CE"", ""strike_price"": 2600, ""oich"": 0}, {""ask"": 0, ""bid"": 0, ""oi"": 196000, ""option_type"": ""PE"", ""strike_price"": 2500, ""oich"": 50000}, {""ask"": 0, ""bid"": 0, ""oi"": 42000, ""option_type"": ""PE"", ""strike_price"": 2200, ""oich"": 2000}, {""ask"": 0, ""bid"": 0, ""oi"": 1000, ""option_type"": ""CE"", ""strike_price"": 2400, ""oich"": 0}, {""ask"": 0, ""bid"": 0, ""oi"": 141000, ""option_type"": ""PE"", ""strike_price"": 2650, ""oich"": 25000}, {""ask"": 0, ""bid"": 0, ""oi"": 138000, ""option_type"": ""CE"", ""strike_price"": 2950, ""oich"": -7000}, {""ask"": 0, ""bid"": 0, ""oi"": 417000, ""option_type"": ""CE"", ""strike_price"": 3100, ""oich"": -15000}, {""ask"": 0, ""bid"": 0, ""oi"": 1000, ""option_type"": ""CE"", ""strike_price"": 2550, ""oich"": 0}, {""ask"": 0, ""bid"": 0, ""oi"": 41000, ""option_type"": ""CE"", ""strike_price"": 3400, ""oich"": 3000}, {""ask"": 0, ""bid"": 0, ""oi"": 10000, ""option_type"": ""PE"", ""strike_price"": 3100, ""oich"": 0}, {""ask"": 0, ""bid"": 0, ""oi"": 381000, ""option_type"": ""PE"", ""strike_price"": 2800, ""oich"": -25000}, {""ask"": 0, ""bid"": 0, ""oi"": 91000, ""option_type"": ""CE"", ""strike_price"": 3300, ""oich"": -8000}, {""ask"": 0, ""bid"": 0, ""oi"": 3000, ""option_type"": ""CE"", ""strike_price"": 2200, ""oich"": 0}, {""ask"": 0, ""bid"": 0, ""oi"": 1000, ""option_type"": ""CE"", ""strike_price"": 2650, ""oich"": 0}, {""ask"": 0, ""bid"": 0, ""oi"": 788000, ""option_type"": ""CE"", ""strike_price"": 3000, ""oich"": 50000}, {""ask"": 0, ""bid"": 0, ""oi"": 229000, ""option_type"": ""CE"", ""strike_price"": 3200, ""oich"": -11000}, {""ask"": 0, ""bid"": 0, ""oi"": 386000, ""option_type"": ""CE"", ""strike_price"": 3050, ""oich"": 78000}, {""ask"": 0, ""bid"": 0, ""oi"": 68000, ""option_type"": ""PE"", ""strike_price"": 3000, ""oich"": 3000}, {""ask"": 0, ""bid"": 0, ""oi"": 361000, ""option_type"": ""PE"", ""strike_price"": 2700, ""oich"": 101000}, {""ask"": 0, ""bid"": 0, ""oi"": 404000, ""option_type"": ""PE"", ""strike_price"": 2600, ""oich"": 81000}, {""ask"": 0, ""bid"": 0, ""oi"": 8000, ""option_type"": ""PE"", ""strike_price"": 2950, ""oich"": 0}, {""ask"": 0, ""bid"": 0, ""oi"": 1000, ""option_type"": ""PE"", ""strike_price"": 3050, ""oich"": 0}, {""ask"": 0, ""bid"": 0, ""oi"": 26000, ""option_type"": ""CE"", ""strike_price"": 2700, ""oich"": -5000}, {""ask"": 0, ""bid"": 0, ""oi"": 290000, ""option_type"": ""CE"", ""strike_price"": 2800, ""oich"": 20000}]",2565000,2026-01-08
3585000,,,"[{""ask"": 0, ""bid"": 0, ""oi"": 311000, ""option_type"": ""CE"", ""strike_price"": 2850, ""oich"": -33000}, {""ask"": 0, ""bid"": 0, ""oi"": 147000, ""option_type"": ""CE"", ""strike_price"": 2600, ""oich"": 0}, {""ask"": 0, ""bid"": 0, ""oi"": 220000, ""option_type"": ""PE"", ""strike_price"": 2500, ""oich"": 24000}, {""ask"": 0, ""bid"": 0, ""oi"": 31000, ""option_type"": ""CE"", ""strike_price"": 2750, ""oich"": 5000}, {""ask"": 0, ""bid"": 0, ""oi"": 10000, ""option_type"": ""PE"", ""strike_price"": 3400, ""oich"": 0}, {""ask"": 0, ""bid"": 0, ""oi"": 2000, ""option_type"": ""PE"", ""strike_price"": 3250, ""oich"": 0}, {""ask"": 0, ""bid"": 0, ""oi"": 179000, ""option_type"": ""PE"", ""strike_price"": 2900, ""oich"": 4000}, {""ask"": 0, ""bid"": 0, ""oi"": 117000, ""option_type"": ""PE"", ""strike_price"": 2400, ""oich"": -7000}, {""ask"": 0, ""bid"": 0, ""oi"": 1000, ""option_type"": ""CE"", ""strike_price"": 2650, ""oich"": 0}, {""ask"": 0, ""bid"": 0, ""oi"": 231000, ""option_type"": ""CE"", ""strike_price"": 3200, ""oich"": 2000}, {""ask"": 0, ""bid"": 0, ""oi"": 400000, ""option_type"": ""CE"", ""strike_price"": 3050, ""oich"": 14000}, {""ask"": 0, ""bid"": 0, ""oi"": 68000, ""option_type"": ""PE"", ""strike_price"": 3000, ""oich"": 0}, {""ask"": 0, ""bid"": 0, ""oi"": 713000, ""option_type"": ""CE"", ""strike_price"": 3000, ""oich"": -75000}, {""ask"": 0, ""bid"": 0, ""oi"": 381000, ""option_type"": ""PE"", ""strike_price"": 2700, ""oich"": 20000}, {""ask"": 0, ""bid"": 0, ""oi"": 1000, ""option_type"": ""PE"", ""strike_price"": 3050, ""oich"": 0}, {""ask"": 0, ""bid"": 0, ""oi"": 8000, ""option_type"": ""PE"", ""strike_price"": 2950, ""oich"": 0}, {""ask"": 0, ""bid"": 0, ""oi"": 409000, ""option_type"": ""PE"", ""strike_price"": 2600, ""oich"": 5000}, {""ask"": 0, ""bid"": 0, ""oi"": 42000, ""option_type"": ""PE"", ""strike_price"": 2200, ""oich"": 0}, {""ask"": 0, ""bid"": 0, ""oi"": 1000, ""option_type"": ""CE"", ""strike_price"": 2400, ""oich"": 0}, {""ask"": 0, ""bid"": 0, ""oi"": 140000, ""option_type"": ""PE"", ""strike_price"": 2650, ""oich"": -1000}, {""ask"": 0, ""bid"": 0, ""oi"": 152000, ""option_type"": ""CE"", ""strike_price"": 2950, ""oich"": 14000}, {""ask"": 0, ""bid"": 0, ""oi"": 447000, ""option_type"": ""CE"", ""strike_price"": 3100, ""oich"": 30000}, {""ask"": 0, ""bid"": 0, ""oi"": 353000, ""option_type"": ""PE"", ""strike_price"": 2800, ""oich"": -28000}, {""ask"": 0, ""bid"": 0, ""oi"": 91000, ""option_type"": ""CE"", ""strike_price"": 3300, ""oich"": 0}, {""ask"": 0, ""bid"": 0, ""oi"": 20000, ""option_type"": ""CE"", ""strike_price"": 2500, ""oich"": 0}, {""ask"": 0, ""bid"": 0, ""oi"": 7000, ""option_type"": ""PE"", ""strike_price"": 3150, ""oich"": 0}, {""ask"": 0, ""bid"": 0, ""oi"": 3000, ""option_type"": ""CE"", ""strike_price"": 2200, ""oich"": 0}, {""ask"": 0, ""bid"": 0, ""oi"": 149000, ""option_type"": ""CE"", ""strike_price"": 3150, ""oich"": -1000}, {""ask"": 0, ""bid"": 0, ""oi"": 178000, ""option_type"": ""PE"", ""strike_price"": 2550, ""oich"": 15000}, {""ask"": 0, ""bid"": 0, ""oi"": 18000, ""option_type"": ""PE"", ""strike_price"": 3200, ""oich"": 0}, {""ask"": 0, ""bid"": 0, ""oi"": 10000, ""option_type"": ""PE"", ""strike_price"": 3100, ""oich"": 0}, {""ask"": 0, ""bid"": 0, ""oi"": 1000, ""option_type"": ""CE"", ""strike_price"": 2550, ""oich"": 0}, {""ask"": 0, ""bid"": 0, ""oi"": 41000, ""option_type"": ""CE"", ""strike_price"": 3400, ""oich"": 0}, {""ask"": 0, ""bid"": 0, ""oi"": 487000, ""option_type"": ""CE"", ""strike_price"": 2900, ""oich"": -4000}, {""ask"": 0, ""bid"": 0, ""oi"": 204000, ""option_type"": ""PE"", ""strike_price"": 2850, ""oich"": 25000}, {""ask"": 0, ""bid"": 0, ""oi"": 256000, ""option_type"": ""PE"", ""strike_price"": 2750, ""oich"": -19000}, {""ask"": 0, ""bid"": 0, ""oi"": 0, ""option_type"": ""PE"", ""strike_price"": 3300, ""oich"": 0}, {""ask"": 0, ""bid"": 0, ""oi"": 87000, ""option_type"": ""CE"", ""strike_price"": 3250, ""oich"": 0}, {""ask"": 0, ""bid"": 0, ""oi"": 37000, ""option_type"": ""CE"", ""strike_price"": 2700, ""oich"": 11000}, {""ask"": 0, ""bid"": 0, ""oi"": 235000, ""option_type"": ""CE"", ""strike_price"": 2800, ""oich"": -55000}]",2603000,2026-01-09
3612000,,,"[{""ask"": 0, ""bid"": 0, ""oi"": 3000, ""option_type"": ""CE"", ""strike_price"": 2200, ""oich"": 0}, {""ask"": 0, ""bid"": 0, ""oi"": 87000, ""option_type"": ""CE"", ""strike_price"": 3250, ""oich"": 0}, {""ask"": 0, ""bid"": 0, ""oi"": 0, ""option_type"": ""PE"", ""strike_price"": 3300, ""oich"": 0}, {""ask"": 0, ""bid"": 0, ""oi"": 253000, ""option_type"": ""PE"", ""strike_price"": 2750, ""oich"": -3000}, {""ask"": 0, ""bid"": 0, ""oi"": 209000, ""option_type"": ""PE"", ""strike_price"": 2850, ""oich"": 5000}, {""ask"": 0, ""bid"": 0, ""oi"": 539000, ""option_type"": ""CE"", ""strike_price"": 2900, ""oich"": 52000}, {""ask"": 0, ""bid"": 0, ""oi"": 339000, ""option_type"": ""PE"", ""strike_price"": 2600, ""oich"": -70000}, {""ask"": 0, ""bid"": 0, ""oi"": 4000, ""option_type"": ""PE"", ""strike_price"": 2950, ""oich"": -4000}, {""ask"": 0, ""bid"": 0, ""oi"": 1000, ""option_type"": ""PE"", ""strike_price"": 3050, ""oich"": 0}, {""ask"": 0, ""bid"": 0, ""oi"": 241000, ""option_type"": ""CE"", ""strike_price"": 2800, ""oich"": 6000}, {""ask"": 0, ""bid"": 0, ""oi"": 37000, ""option_type"": ""CE"", ""strike_price"": 2700, ""oich"": 0}, {""ask"": 0, ""bid"": 0, ""oi"": 162000, ""option_type"": ""PE"", ""strike_price"": 2500, ""oich"": -58000}, {""ask"": 0, ""bid"": 0, ""oi"": 147000, ""option_type"": ""CE"", ""strike_price"": 2600, ""oich"": 0}, {""ask"": 0, ""bid"": 0, ""oi"": 39000, ""option_type"": ""CE"", ""strike_price"": 2750, ""oich"": 8000}, {""ask"": 0, ""bid"": 0, ""oi"": 316000, ""option_type"": ""CE"", ""strike_price"": 2850, ""oich"": 5000}, {""ask"": 0, ""bid"": 0, ""oi"": 10000, ""option_type"": ""PE"", ""strike_price"": 3400, ""oich"": 0}, {""ask"": 0, ""bid"": 0, ""oi"": 1000, ""option_type"": ""CE"", ""strike_price"": 2550, ""oich"": 0}, {""ask"": 0, ""bid"": 0, ""oi"": 10000, ""option_type"": ""PE"", ""strike_price"": 3100, ""oich"": 0}, {""ask"": 0, ""bid"": 0, ""oi"": 42000, ""option_type"": ""CE"", ""strike_price"": 3400, ""oich"": 1000}, {""ask"": 0, ""bid"": 0, ""oi"": 18000, ""option_type"": ""PE"", ""strike_price"": 3200, ""oich"": 0}, {""ask"": 0, ""bid"": 0, ""oi"": 150000, ""option_type"": ""CE"", ""strike_price"": 3150, ""oich"": 1000}, {""ask"": 0, ""bid"": 0, ""oi"": 170000, ""option_type"": ""PE"", ""strike_price"": 2550, ""oich"": -8000}, {""ask"": 0, ""bid"": 0, ""oi"": 20000, ""option_type"": ""CE"", ""strike_price"": 2500, ""oich"": 0}, {""ask"": 0, ""bid"": 0, ""oi"": 7000, ""option_type"": ""PE"", ""strike_price"": 3150, ""oich"": 0}, {""ask"": 0, ""bid"": 0, ""oi"": 361000, ""option_type"": ""CE"", ""strike_price"": 3100, ""oich"": -86000}, {""ask"": 0, ""bid"": 0, ""oi"": 211000, ""option_type"": ""CE"", ""strike_price"": 2950, ""oich"": 59000}, {""ask"": 0, ""bid"": 0, ""oi"": 152000, ""option_type"": ""PE"", ""strike_price"": 2650, ""oich"": 12000}, {""ask"": 0, ""bid"": 0, ""oi"": 1000, ""option_type"": ""CE"", ""strike_price"": 2400, ""oich"": 0}, {""ask"": 0, ""bid"": 0, ""oi"": 42000, ""option_type"": ""PE"", ""strike_price"": 2200, ""oich"": 0}, {""ask"": 0, ""bid"": 0, ""oi"": 91000, ""option_type"": ""CE"", ""strike_price"": 3300, ""oich"": 0}, {""ask"": 0, ""bid"": 0, ""oi"": 351000, ""option_type"": ""PE"", ""strike_price"": 2800, ""oich"": -2000}, {""ask"": 0, ""bid"": 0, ""oi"": 169000, ""option_type"": ""PE"", ""strike_price"": 2900, ""oich"": -10000}, {""ask"": 0, ""bid"": 0, ""oi"": 120000, ""option_type"": ""PE"", ""strike_price"": 2400, ""oich"": 3000}, {""ask"": 0, ""bid"": 0, ""oi"": 2000, ""option_type"": ""PE"", ""strike_price"": 3250, ""oich"": 0}, {""ask"": 0, ""bid"": 0, ""oi"": 409000, ""option_type"": ""CE"", ""strike_price"": 3050, ""oich"": 9000}, {""ask"": 0, ""bid"": 0, ""oi"": 65000, ""option_type"": ""PE"", ""strike_price"": 3000, ""oich"": -3000}, {""ask"": 0, ""bid"": 0, ""oi"": 690000, ""option_type"": ""CE"", ""strike_price"": 3000, ""oich"": -23000}, {""ask"": 0, ""bid"": 0, ""oi"": 226000, ""option_type"": ""CE"", ""strike_price"": 3200, ""oich"": -5000}, {""ask"": 0, ""bid"": 0, ""oi"": 343000, ""option_type"": ""PE"", ""strike_price"": 2700, ""oich"": -38000}, {""ask"": 0, ""bid"": 0, ""oi"": 1000, ""option_type"": ""CE"", ""strike_price"": 2650, ""oich"": 0}]",2427000,2026-01-12
3769000,,,"[{""ask"": 0, ""bid"": 0, ""oi"": 1000, ""option_type"": ""CE"", ""strike_price"": 2550, ""oich"": 0}, {""ask"": 0, ""bid"": 0, ""oi"": 1000, ""option_type"": ""PE"", ""strike_price"": 3050, ""oich"": 0}, {""ask"": 0, ""bid"": 0, ""oi"": 4000, ""option_type"": ""PE"", ""strike_price"": 2950, ""oich"": 0}, {""ask"": 0, ""bid"": 0, ""oi"": 297000, ""option_type"": ""PE"", ""strike_price"": 2600, ""oich"": -42000}, {""ask"": 0, ""bid"": 0, ""oi"": 42000, ""option_type"": ""CE"", ""strike_price"": 3400, ""oich"": 0}, {""ask"": 0, ""bid"": 0, ""oi"": 38000, ""option_type"": ""CE"", ""strike_price"": 2700, ""oich"": 1000}, {""ask"": 0, ""bid"": 0, ""oi"": 225000, ""option_type"": ""CE"", ""strike_price"": 2800, ""oich"": -16000}, {""ask"": 0, ""bid"": 0, ""oi"": 305000, ""option_type"": ""PE"", ""strike_price"": 2700, ""oich"": -38000}, {""ask"": 0, ""bid"": 0, ""oi"": 1000, ""option_type"": ""CE"", ""strike_price"": 2650, ""oich"": 0}, {""ask"": 0, ""bid"": 0, ""oi"": 694000, ""option_type"": ""CE"", ""strike_price"": 3000, ""oich"": 4000}, {""ask"": 0, ""bid"": 0, ""oi"": 66000, ""option_type"": ""PE"", ""strike_price"": 3000, ""oich"": 1000}, {""ask"": 0, ""bid"": 0, ""oi"": 478000, ""option_type"": ""CE"", ""strike_price"": 3050, ""oich"": 69000}, {""ask"": 0, ""bid"": 0, ""oi"": 253000, ""option_type"": ""CE"", ""strike_price"": 3200, ""oich"": 27000}, {""ask"": 0, ""bid"": 0, ""oi"": 118000, ""option_type"": ""PE"", ""strike_price"": 2400, ""oich"": -2000}, {""ask"": 0, ""bid"": 0, ""oi"": 182000, ""option_type"": ""PE"", ""strike_price"": 2900, ""oich"": 13000}, {""ask"": 0, ""bid"": 0, ""oi"": 2000, ""option_type"": ""PE"", ""strike_price"": 3250, ""oich"": 0}, {""ask"": 0, ""bid"": 0, ""oi"": 91000, ""option_type"": ""CE"", ""strike_price"": 3300, ""oich"": 0}, {""ask"": 0, ""bid"": 0, ""oi"": 358000, ""option_type"": ""PE"", ""strike_price"": 2800, ""oich"": 7000}, {""ask"": 0, ""bid"": 0, ""oi"": 7000, ""option_type"": ""PE"", ""strike_price"": 3150, ""oich"": 0}, {""ask"": 0, ""bid"": 0, ""oi"": 18000, ""option_type"": ""CE"", ""strike_price"": 2500, ""oich"": -2000}, {""ask"": 0, ""bid"": 0, ""oi"": 223000, ""option_type"": ""PE"", ""strike_price"": 2750, ""oich"": -30000}, {""ask"": 0, ""bid"": 0, ""oi"": 269000, ""option_type"": ""PE"", ""strike_price"": 2850, ""oich"": 60000}, {""ask"": 0, ""bid"": 0, ""oi"": 0, ""option_type"": ""PE"", ""strike_price"": 3300, ""oich"": 0}, {""ask"": 0, ""bid"": 0, ""oi"": 87000, ""option_type"": ""CE"", ""strike_price"": 3250, ""oich"": 0}, {""ask"": 0, ""bid"": 0, ""oi"": 636000, ""option_type"": ""CE"", ""strike_price"": 2900, ""oich"": 97000}, {""ask"": 0, ""bid"": 0, ""oi"": 3000, ""option_type"": ""CE"", ""strike_price"": 2200, ""oich"": 0}, {""ask"": 0, ""bid"": 0, ""oi"": 130000, ""option_type"": ""PE"", ""strike_price"": 2550, ""oich"": -40000}, {""ask"": 0, ""bid"": 0, ""oi"": 186000, ""option_type"": ""CE"", ""strike_price"": 3150, ""oich"": 36000}, {""ask"": 0, ""bid"": 0, ""oi"": 18000, ""option_type"": ""PE"", ""strike_price"": 3200, ""oich"": 0}, {""ask"": 0, ""bid"": 0, ""oi"": 42000, ""option_type"": ""PE"", ""strike_price"": 2200, ""oich"": 0}, {""ask"": 0, ""bid"": 0, ""oi"": 386000, ""option_type"": ""CE"", ""strike_price"": 3100, ""oich"": 25000}, {""ask"": 0, ""bid"": 0, ""oi"": 145000, ""option_type"": ""CE"", ""strike_price"": 2950, ""oich"": -66000}, {""ask"": 0, ""bid"": 0, ""oi"": 201000, ""option_type"": ""PE"", ""strike_price"": 2650, ""oich"": 49000}, {""ask"": 0, ""bid"": 0, ""oi"": 1000, ""option_type"": ""CE"", ""strike_price"": 2400, ""oich"": 0}, {""ask"": 0, ""bid"": 0, ""oi"": 149000, ""option_type"": ""CE"", ""strike_price"": 2600, ""oich"": 2000}, {""ask"": 0, ""bid"": 0, ""oi"": 158000, ""option_type"": ""PE"", ""strike_price"": 2500, ""oich"": -4000}, {""ask"": 0, ""bid"": 0, ""oi"": 10000, ""option_type"": ""PE"", ""strike_price"": 3400, ""oich"": 0}, {""ask"": 0, ""bid"": 0, ""oi"": 298000, ""option_type"": ""CE"", ""strike_price"": 2850, ""oich"": -18000}, {""ask"": 0, ""bid"": 0, ""oi"": 37000, ""option_type"": ""CE"", ""strike_price"": 2750, ""oich"": -2000}, {""ask"": 0, ""bid"": 0, ""oi"": 10000, ""option_type"": ""PE"", ""strike_price"": 3100, ""oich"": 0}]",2401000,2026-01-13
4149000,,,"[{""ask"": 0, ""bid"": 0, ""oi"": 1000, ""option_type"": ""CE"", ""strike_price"": 2550, ""oich"": 0}, {""ask"": 0, ""bid"": 0, ""oi"": 7000, ""option_type"": ""PE"", ""strike_price"": 3150, ""oich"": 0}, {""ask"": 0, ""bid"": 0, ""oi"": 18000, ""option_type"": ""CE"", ""strike_price"": 2500, ""oich"": 0}, {""ask"": 0, ""bid"": 0, ""oi"": 375000, ""option_type"": ""PE"", ""strike_price"": 2800, ""oich"": 17000}, {""ask"": 0, ""bid"": 0, ""oi"": 91000, ""option_type"": ""CE"", ""strike_price"": 3300, ""oich"": 0}, {""ask"": 0, ""bid"": 0, ""oi"": 3000, ""option_type"": ""CE"", ""strike_price"": 2200, ""oich"": 0}, {""ask"": 0, ""bid"": 0, ""oi"": 1000, ""option_type"": ""CE"", ""strike_price"": 2650, ""oich"": 0}, {""ask"": 0, ""bid"": 0, ""oi"": 325000, ""option_type"": ""PE"", ""strike_price"": 2700, ""oich"": 20000}, {""ask"": 0, ""bid"": 0, ""oi"": 698000, ""option_type"": ""CE"", ""strike_price"": 3000, ""oich"": 4000}, {""ask"": 0, ""bid"": 0, ""oi"": 68000, ""option_type"": ""PE"", ""strike_price"": 3000, ""oich"": 2000}, {""ask"": 0, ""bid"": 0, ""oi"": 251000, ""option_type"": ""CE"", ""strike_price"": 3200, ""oich"": -2000}, {""ask"": 0, ""bid"": 0, ""oi"": 474000, ""option_type"": ""CE"", ""strike_price"": 3050, ""oich"": -4000}, {""ask"": 0, ""bid"": 0, ""oi"": 10000, ""option_type"": ""PE"", ""strike_price"": 3100, ""oich"": 0}, {""ask"": 0, ""bid"": 0, ""oi"": 357000, ""option_type"": ""CE"", ""strike_price"": 2800, ""oich"": 132000}, {""ask"": 0, ""bid"": 0, ""oi"": 46000, ""option_type"": ""CE"", ""strike_price"": 2700, ""oich"": 8000}, {""ask"": 0, ""bid"": 0, ""oi"": 152000, ""option_type"": ""PE"", ""strike_price"": 2550, ""oich"": 22000}, {""ask"": 0, ""bid"": 0, ""oi"": 18000, ""option_type"": ""PE"", ""strike_price"": 3200, ""oich"": 0}, {""ask"": 0, ""bid"": 0, ""oi"": 194000, ""option_type"": ""CE"", ""strike_price"": 3150, ""oich"": 8000}, {""ask"": 0, ""bid"": 0, ""oi"": 118000, ""option_type"": ""PE"", ""strike_price"": 2400, ""oich"": 0}, {""ask"": 0, ""bid"": 0, ""oi"": 2000, ""option_type"": ""PE"", ""strike_price"": 3250, ""oich"": 0}, {""ask"": 0, ""bid"": 0, ""oi"": 176000, ""option_type"": ""PE"", ""strike_price"": 2900, ""oich"": -6000}, {""ask"": 0, ""bid"": 0, ""oi"": 42000, ""option_type"": ""PE"", ""strike_price"": 2200, ""oich"": 0}, {""ask"": 0, ""bid"": 0, ""oi"": 365000, ""option_type"": ""CE"", ""strike_price"": 3100, ""oich"": -21000}, {""ask"": 0, ""bid"": 0, ""oi"": 220000, ""option_type"": ""CE"", ""strike_price"": 2950, ""oich"": 75000}, {""ask"": 0, ""bid"": 0, ""oi"": 247000, ""option_type"": ""PE"", ""strike_price"": 2650, ""oich"": 46000}, {""ask"": 0, ""bid"": 0, ""oi"": 1000, ""option_type"": ""CE"", ""strike_price"": 2400, ""oich"": 0}, {""ask"": 0, ""bid"": 0, ""oi"": 246000, ""option_type"": ""PE"", ""strike_price"": 2750, ""oich"": 23000}, {""ask"": 0, ""bid"": 0, ""oi"": 260000, ""option_type"": ""PE"", ""strike_price"": 2850, ""oich"": -9000}, {""ask"": 0, ""bid"": 0, ""oi"": 713000, ""option_type"": ""CE"", ""strike_price"": 2900, ""oich"": 77000}, {""ask"": 0, ""bid"": 0, ""oi"": 89000, ""option_type"": ""CE"", ""strike_price"": 3250, ""oich"": 2000}, {""ask"": 0, ""bid"": 0, ""oi"": 0, ""option_type"": ""PE"", ""strike_price"": 3300, ""oich"": 0}, {""ask"": 0, ""bid"": 0, ""oi"": 168000, ""option_type"": ""PE"", ""strike_price"": 2500, ""oich"": 10000}, {""ask"": 0, ""bid"": 0, ""oi"": 50000, ""option_type"": ""CE"", ""strike_price"": 2750, ""oich"": 13000}, {""ask"": 0, ""bid"": 0, ""oi"": 386000, ""option_type"": ""CE"", ""strike_price"": 2850, ""oich"": 88000}, {""ask"": 0, ""bid"": 0, ""oi"": 10000, ""option_type"": ""PE"", ""strike_price"": 3400, ""oich"": 0}, {""ask"": 0, ""bid"": 0, ""oi"": 149000, ""option_type"": ""CE"", ""strike_price"": 2600, ""oich"": 0}, {""ask"": 0, ""bid"": 0, ""oi"": 4000, ""option_type"": ""PE"", ""strike_price"": 2950, ""oich"": 0}, {""ask"": 0, ""bid"": 0, ""oi"": 326000, ""option_type"": ""PE"", ""strike_price"": 2600, ""oich"": 29000}, {""ask"": 0, ""bid"": 0, ""oi"": 1000, ""option_type"": ""PE"", ""strike_price"": 3050, ""oich"": 0}, {""ask"": 0, ""bid"": 0, ""oi"": 42000, ""option_type"": ""CE"", ""strike_price"": 3400, ""oich"": 0}]",2555000,2026-01-14
4193000,,,"[{""ask"": 0, ""bid"": 0, ""oi"": 213000, ""option_type"": ""CE"", ""strike_price"": 3150, ""oich"": 19000}, {""ask"": 0, ""bid"": 0, ""oi"": 324000, ""option_type"": ""PE"", ""strike_price"": 2900, ""oich"": 148000}, {""ask"": 0, ""bid"": 0, ""oi"": 2000, ""option_type"": ""PE"", ""strike_price"": 3250, ""oich"": 0}, {""ask"": 0, ""bid"": 0, ""oi"": 114000, ""option_type"": ""PE"", ""strike_price"": 2400, ""oich"": -4000}, {""ask"": 0, ""bid"": 0, ""oi"": 94000, ""option_type"": ""PE"", ""strike_price"": 2950, ""oich"": 90000}, {""ask"": 0, ""bid"": 0, ""oi"": 324000, ""option_type"": ""PE"", ""strike_price"": 2600, ""oich"": -2000}, {""ask"": 0, ""bid"": 0, ""oi"": 1000, ""option_type"": ""PE"", ""strike_price"": 3050, ""oich"": 0}, {""ask"": 0, ""bid"": 0, ""oi"": 158000, ""option_type"": ""CE"", ""strike_price"": 3300, ""oich"": 67000}, {""ask"": 0, ""bid"": 0, ""oi"": 349000, ""option_type"": ""PE"", ""strike_price"": 2800, ""oich"": -26000}, {""ask"": 0, ""bid"": 0, ""oi"": 7000, ""option_type"": ""PE"", ""strike_price"": 3150, ""oich"": 0}, {""ask"": 0, ""bid"": 0, ""oi"": 18000, ""option_type"": ""CE"", ""strike_price"": 2500, ""oich"": 0}, {""ask"": 0, ""bid"": 0, ""oi"": 21000, ""option_type"": ""PE"", ""strike_price"": 2200, ""oich"": -21000}, {""ask"": 0, ""bid"": 0, ""oi"": 1000, ""option_type"": ""CE"", ""strike_price"": 2400, ""oich"": 0}, {""ask"": 0, ""bid"": 0, ""oi"": 262000, ""option_type"": ""PE"", ""strike_price"": 2650, ""oich"": 15000}, {""ask"": 0, ""bid"": 0, ""oi"": 267000, ""option_type"": ""CE"", ""strike_price"": 2950, ""oich"": 47000}, {""ask"": 0, ""bid"": 0, ""oi"": 385000, ""option_type"": ""CE"", ""strike_price"": 3100, ""oich"": 20000}, {""ask"": 0, ""bid"": 0, ""oi"": 1000, ""option_type"": ""CE"", ""strike_price"": 2550, ""oich"": 0}, {""ask"": 0, ""bid"": 0, ""oi"": 10000, ""option_type"": ""PE"", ""strike_price"": 3100, ""oich"": 0}, {""ask"": 0, ""bid"": 0, ""oi"": 45000, ""option_type"": ""CE"", ""strike_price"": 3400, ""oich"": 3000}, {""ask"": 0, ""bid"": 0, ""oi"": 167000, ""option_type"": ""PE"", ""strike_price"": 2500, ""oich"": -1000}, {""ask"": 0, ""bid"": 0, ""oi"": 10000, ""option_type"": ""PE"", ""strike_price"": 3400, ""oich"": 0}, {""ask"": 0, ""bid"": 0, ""oi"": 238000, ""option_type"": ""CE"", ""strike_price"": 2850, ""oich"": -148000}, {""ask"": 0, ""bid"": 0, ""oi"": 38000, ""option_type"": ""CE"", ""strike_price"": 2750, ""oich"": -12000}, {""ask"": 0, ""bid"": 0, ""oi"": 149000, ""option_type"": ""CE"", ""strike_price"": 2600, ""oich"": 0}, {""ask"": 0, ""bid"": 0, ""oi"": 262000, ""option_type"": ""PE"", ""strike_price"": 2850, ""oich"": 2000}, {""ask"": 0, ""bid"": 0, ""oi"": 787000, ""option_type"": ""CE"", ""strike_price"": 2900, ""oich"": 74000}, {""ask"": 0, ""bid"": 0, ""oi"": 127000, ""option_type"": ""CE"", ""strike_price"": 3250, ""oich"": 38000}, {""ask"": 0, ""bid"": 0, ""oi"": 0, ""option_type"": ""PE"", ""strike_price"": 3300, ""oich"": 0}, {""ask"": 0, ""bid"": 0, ""oi"": 261000, ""option_type"": ""PE"", ""strike_price"": 2750, ""oich"": 15000}, {""ask"": 0, ""bid"": 0, ""oi"": 212000, ""option_type"": ""CE"", ""strike_price"": 2800, ""oich"": -145000}, {""ask"": 0, ""bid"": 0, ""oi"": 43000, ""option_type"": ""CE"", ""strike_price"": 2700, ""oich"": -3000}, {""ask"": 0, ""bid"": 0, ""oi"": 76000, ""option_type"": ""PE"", ""strike_price"": 3000, ""oich"": 8000}, {""ask"": 0, ""bid"": 0, ""oi"": 675000, ""option_type"": ""CE"", ""strike_price"": 3000, ""oich"": -23000}, {""ask"": 0, ""bid"": 0, ""oi"": 319000, ""option_type"": ""PE"", ""strike_price"": 2700, ""oich"": -6000}, {""ask"": 0, ""bid"": 0, ""oi"": 1000, ""option_type"": ""CE"", ""strike_price"": 2650, ""oich"": 0}, {""ask"": 0, ""bid"": 0, ""oi"": 529000, ""option_type"": ""CE"", ""strike_price"": 3050, ""oich"": 55000}, {""ask"": 0, ""bid"": 0, ""oi"": 303000, ""option_type"": ""CE"", ""strike_price"": 3200, ""oich"": 52000}, {""ask"": 0, ""bid"": 0, ""oi"": 3000, ""option_type"": ""CE"", ""strike_price"": 2200, ""oich"": 0}, {""ask"": 0, ""bid"": 0, ""oi"": 18000, ""option_type"": ""PE"", ""strike_price"": 3200, ""oich"": 0}, {""ask"": 0, ""bid"": 0, ""oi"": 139000, ""option_type"": ""PE"", ""strike_price"": 2550, ""oich"": -13000}]",2760000,2026-01-16
4003000,,,"[{""ask"": 0, ""bid"": 0, ""oi"": 2000, ""option_type"": ""PE"", ""strike_price"": 3250, ""oich"": 0}, {""ask"": 0, ""bid"": 0, ""oi"": 114000, ""option_type"": ""PE"", ""strike_price"": 2400, ""oich"": 0}, {""ask"": 0, ""bid"": 0, ""oi"": 336000, ""option_type"": ""PE"", ""strike_price"": 2900, ""oich"": 12000}, {""ask"": 0, ""bid"": 0, ""oi"": 46000, ""option_type"": ""CE"", ""strike_price"": 3400, ""oich"": 1000}, {""ask"": 0, ""bid"": 0, ""oi"": 10000, ""option_type"": ""PE"", ""strike_price"": 3100, ""oich"": 0}, {""ask"": 0, ""bid"": 0, ""oi"": 1000, ""option_type"": ""CE"", ""strike_price"": 2550, ""oich"": 0}, {""ask"": 0, ""bid"": 0, ""oi"": 3000, ""option_type"": ""CE"", ""strike_price"": 2200, ""oich"": 0}, {""ask"": 0, ""bid"": 0, ""oi"": 597000, ""option_type"": ""CE"", ""strike_price"": 2900, ""oich"": -190000}, {""ask"": 0, ""bid"": 0, ""oi"": 136000, ""option_type"": ""CE"", ""strike_price"": 3250, ""oich"": 9000}, {""ask"": 0, ""bid"": 0, ""oi"": 0, ""option_type"": ""PE"", ""strike_price"": 3300, ""oich"": 0}, {""ask"": 0, ""bid"": 0, ""oi"": 296000, ""option_type"": ""PE"", ""strike_price"": 2750, ""oich"": 35000}, {""ask"": 0, ""bid"": 0, ""oi"": 277000, ""option_type"": ""PE"", ""strike_price"": 2850, ""oich"": 15000}, {""ask"": 0, ""bid"": 0, ""oi"": 21000, ""option_type"": ""PE"", ""strike_price"": 2200, ""oich"": 0}, {""ask"": 0, ""bid"": 0, ""oi"": 1000, ""option_type"": ""CE"", ""strike_price"": 2400, ""oich"": 0}, {""ask"": 0, ""bid"": 0, ""oi"": 249000, ""option_type"": ""PE"", ""strike_price"": 2650, ""oich"": -13000}, {""ask"": 0, ""bid"": 0, ""oi"": 253000, ""option_type"": ""CE"", ""strike_price"": 2950, ""oich"": -14000}, {""ask"": 0, ""bid"": 0, ""oi"": 374000, ""option_type"": ""CE"", ""strike_price"": 3100, ""oich"": -11000}, {""ask"": 0, ""bid"": 0, ""oi"": 253000, ""option_type"": ""CE"", ""strike_price"": 3150, ""oich"": 40000}, {""ask"": 0, ""bid"": 0, ""oi"": 136000, ""option_type"": ""PE"", ""strike_price"": 2550, ""oich"": -3000}, {""ask"": 0, ""bid"": 0, ""oi"": 22000, ""option_type"": ""PE"", ""strike_price"": 3200, ""oich"": 4000}, {""ask"": 0, ""bid"": 0, ""oi"": 133000, ""option_type"": ""CE"", ""strike_price"": 3300, ""oich"": -25000}, {""ask"": 0, ""bid"": 0, ""oi"": 359000, ""option_type"": ""PE"", ""strike_price"": 2800, ""oich"": 10000}, {""ask"": 0, ""bid"": 0, ""oi"": 80000, ""option_type"": ""PE"", ""strike_price"": 3000, ""oich"": 4000}, {""ask"": 0, ""bid"": 0, ""oi"": 551000, ""option_type"": ""CE"", ""strike_price"": 3050, ""oich"": 22000}, {""ask"": 0, ""bid"": 0, ""oi"": 276000, ""option_type"": ""CE"", ""strike_price"": 3200, ""oich"": -27000}, {""ask"": 0, ""bid"": 0, ""oi"": 0, ""option_type"": ""CE"", ""strike_price"": 2650, ""oich"": -1000}, {""ask"": 0, ""bid"": 0, ""oi"": 389000, ""option_type"": ""PE"", ""strike_price"": 2700, ""oich"": 70000}, {""ask"": 0, ""bid"": 0, ""oi"": 685000, ""option_type"": ""CE"", ""strike_price"": 3000, ""oich"": 10000}, {""ask"": 0, ""bid"": 0, ""oi"": 18000, ""option_type"": ""CE"", ""strike_price"": 2500, ""oich"": 0}, {""ask"": 0, ""bid"": 0, ""oi"": 12000, ""option_type"": ""PE"", ""strike_price"": 3150, ""oich"": 5000}, {""ask"": 0, ""bid"": 0, ""oi"": 10000, ""option_type"": ""PE"", ""strike_price"": 3400, ""oich"": 0}, {""ask"": 0, ""bid"": 0, ""oi"": 155000, ""option_type"": ""PE"", ""strike_price"": 2500, ""oich"": -12000}, {""ask"": 0, ""bid"": 0, ""oi"": 147000, ""option_type"": ""CE"", ""strike_price"": 2600, ""oich"": -2000}, {""ask"": 0, ""bid"": 0, ""oi"": 37000, ""option_type"": ""CE"", ""strike_price"": 2750, ""oich"": -1000}, {""ask"": 0, ""bid"": 0, ""oi"": 253000, ""option_type"": ""CE"", ""strike_price"": 2850, ""oich"": 15000}, {""ask"": 0, ""bid"": 0, ""oi"": 196000, ""option_type"": ""CE"", ""strike_price"": 2800, ""oich"": -16000}, {""ask"": 0, ""bid"": 0, ""oi"": 43000, ""option_type"": ""CE"", ""strike_price"": 2700, ""oich"": 0}, {""ask"": 0, ""bid"": 0, ""oi"": 1000, ""option_type"": ""PE"", ""strike_price"": 3050, ""oich"": 0}, {""ask"": 0, ""bid"": 0, ""oi"": 96000, ""option_type"": ""PE"", ""strike_price"": 2950, ""oich"": 2000}, {""ask"": 0, ""bid"": 0, ""oi"": 306000, ""option_type"": ""PE"", ""strike_price"": 2600, ""oich"": -18000}]",2871000,2026-01-19
3976000,,,"[{""ask"": 0, ""bid"": 0, ""oi"": 104000, ""option_type"": ""PE"", ""strike_price"": 2950, ""oich"": 8000}, {""ask"": 0, ""bid"": 0, ""oi"": 303000, ""option_type"": ""PE"", ""strike_price"": 2600, ""oich"": -3000}, {""ask"": 0, ""bid"": 0, ""oi"": 17000, ""option_type"": ""PE"", ""strike_price"": 3200, ""oich"": -5000}, {""ask"": 0, ""bid"": 0, ""oi"": 140000, ""option_type"": ""PE"", ""strike_price"": 2550, ""oich"": 4000}, {""ask"": 0, ""bid"": 0, ""oi"": 269000, ""option_type"": ""CE"", ""strike_price"": 3150, ""oich"": 16000}, {""ask"": 0, ""bid"": 0, ""oi"": 132000, ""option_type"": ""CE"", ""strike_price"": 3300, ""oich"": -1000}, {""ask"": 0, ""bid"": 0, ""oi"": 324000, ""option_type"": ""PE"", ""strike_price"": 2800, ""oich"": -35000}, {""ask"": 0, ""bid"": 0, ""oi"": 180000, ""option_type"": ""CE"", ""strike_price"": 2800, ""oich"": -16000}, {""ask"": 0, ""bid"": 0, ""oi"": 51000, ""option_type"": ""CE"", ""strike_price"": 2700, ""oich"": 8000}, {""ask"": 0, ""bid"": 0, ""oi"": 299000, ""option_type"": ""CE"", ""strike_price"": 2850, ""oich"": 46000}, {""ask"": 0, ""bid"": 0, ""oi"": 147000, ""option_type"": ""CE"", ""strike_price"": 2600, ""oich"": 0}, {""ask"": 0, ""bid"": 0, ""oi"": 147000, ""option_type"": ""PE"", ""strike_price"": 2500, ""oich"": -8000}, {""ask"": 0, ""bid"": 0, ""oi"": 10000, ""option_type"": ""PE"", ""strike_price"": 3400, ""oich"": 0}, {""ask"": 0, ""bid"": 0, ""oi"": 45000, ""option_type"": ""CE"", ""strike_price"": 2750, ""oich"": 8000}, {""ask"": 0, ""bid"": 0, ""oi"": 0, ""option_type"": ""PE"", ""strike_price"": 3300, ""oich"": 0}, {""ask"": 0, ""bid"": 0, ""oi"": 103000, ""option_type"": ""CE"", ""strike_price"": 3250, ""oich"": -33000}, {""ask"": 0, ""bid"": 0, ""oi"": 617000, ""option_type"": ""CE"", ""strike_price"": 2900, ""oich"": 20000}, {""ask"": 0, ""bid"": 0, ""oi"": 268000, ""option_type"": ""PE"", ""strike_price"": 2850, ""oich"": -9000}, {""ask"": 0, ""bid"": 0, ""oi"": 338000, ""option_type"": ""PE"", ""strike_price"": 2750, ""oich"": 42000}, {""ask"": 0, ""bid"": 0, ""oi"": 259000, ""option_type"": ""CE"", ""strike_price"": 3200, ""oich"": -17000}, {""ask"": 0, ""bid"": 0, ""oi"": 568000, ""option_type"": ""CE"", ""strike_price"": 3050, ""oich"": 17000}, {""ask"": 0, ""bid"": 0, ""oi"": 73000, ""option_type"": ""PE"", ""strike_price"": 3000, ""oich"": -7000}, {""ask"": 0, ""bid"": 0, ""oi"": 387000, ""option_type"": ""PE"", ""strike_price"": 2700, ""oich"": -2000}, {""ask"": 0, ""bid"": 0, ""oi"": 0, ""option_type"": ""CE"", ""strike_price"": 2650, ""oich"": 0}, {""ask"": 0, ""bid"": 0, ""oi"": 3000, ""option_type"": ""CE"", ""strike_price"": 2200, ""oich"": 0}, {""ask"": 0, ""bid"": 0, ""oi"": 46000, ""option_type"": ""CE"", ""strike_price"": 3400, ""oich"": 0}, {""ask"": 0, ""bid"": 0, ""oi"": 14000, ""option_type"": ""PE"", ""strike_price"": 3100, ""oich"": 4000}, {""ask"": 0, ""bid"": 0, ""oi"": 5000, ""option_type"": ""CE"", ""strike_price"": 2550, ""oich"": 4000}, {""ask"": 0, ""bid"": 0, ""oi"": 3000, ""option_type"": ""PE"", ""strike_price"": 3050, ""oich"": 2000}, {""ask"": 0, ""bid"": 0, ""oi"": 678000, ""option_type"": ""CE"", ""strike_price"": 3000, ""oich"": -7000}, {""ask"": 0, ""bid"": 0, ""oi"": 95000, ""option_type"": ""PE"", ""strike_price"": 2400, ""oich"": -19000}, {""ask"": 0, ""bid"": 0, ""oi"": 2000, ""option_type"": ""PE"", ""strike_price"": 3250, ""oich"": 0}, {""ask"": 0, ""bid"": 0, ""oi"": 417000, ""option_type"": ""PE"", ""strike_price"": 2900, ""oich"": 81000}, {""ask"": 0, ""bid"": 0, ""oi"": 222000, ""option_type"": ""CE"", ""strike_price"": 2950, ""oich"": -31000}, {""ask"": 0, ""bid"": 0, ""oi"": 240000, ""option_type"": ""PE"", ""strike_price"": 2650, ""oich"": -9000}, {""ask"": 0, ""bid"": 0, ""oi"": 1000, ""option_type"": ""CE"", ""strike_price"": 2400, ""oich"": 0}, {""ask"": 0, ""bid"": 0, ""oi"": 333000, ""option_type"": ""CE"", ""strike_price"": 3100, ""oich"": -41000}, {""ask"": 0, ""bid"": 0, ""oi"": 21000, ""option_type"": ""PE"", ""strike_price"": 2200, ""oich"": 0}, {""ask"": 0, ""bid"": 0, ""oi"": 18000, ""option_type"": ""CE"", ""strike_price"": 2500, ""oich"": 0}, {""ask"": 0, ""bid"": 0, ""oi"": 14000, ""option_type"": ""PE"", ""strike_price"": 3150, ""oich"": 2000}]",2917000,2026-01-20
3892000,,,"[{""ask"": 0, ""bid"": 0, ""oi"": 275000, ""option_type"": ""CE"", ""strike_price"": 3100, ""oich"": -58000}, {""ask"": 0, ""bid"": 0, ""oi"": 1000, ""option_type"": ""CE"", ""strike_price"": 2400, ""oich"": 0}, {""ask"": 0, ""bid"": 0, ""oi"": 51000, ""option_type"": ""PE"", ""strike_price"": 2200, ""oich"": 30000}, {""ask"": 0, ""bid"": 0, ""oi"": 113000, ""option_type"": ""CE"", ""strike_price"": 3300, ""oich"": -19000}, {""ask"": 0, ""bid"": 0, ""oi"": 226000, ""option_type"": ""PE"", ""strike_price"": 2800, ""oich"": -98000}, {""ask"": 0, ""bid"": 0, ""oi"": 69000, ""option_type"": ""CE"", ""strike_price"": 2700, ""oich"": 18000}, {""ask"": 0, ""bid"": 0, ""oi"": 278000, ""option_type"": ""CE"", ""strike_price"": 2800, ""oich"": 98000}, {""ask"": 0, ""bid"": 0, ""oi"": 201000, ""option_type"": ""CE"", ""strike_price"": 3200, ""oich"": -58000}, {""ask"": 0, ""bid"": 0, ""oi"": 471000, ""option_type"": ""CE"", ""strike_price"": 3050, ""oich"": -97000}, {""ask"": 0, ""bid"": 0, ""oi"": 0, ""option_type"": ""CE"", ""strike_price"": 2650, ""oich"": 0}, {""ask"": 0, ""bid"": 0, ""oi"": 641000, ""option_type"": ""PE"", ""strike_price"": 2700, ""oich"": 254000}, {""ask"": 0, ""bid"": 0, ""oi"": 656000, ""option_type"": ""CE"", ""strike_price"": 3000, ""oich"": -22000}, {""ask"": 0, ""bid"": 0, ""oi"": 70000, ""option_type"": ""PE"", ""strike_price"": 3000, ""oich"": -3000}, {""ask"": 0, ""bid"": 0, ""oi"": 3000, ""option_type"": ""PE"", ""strike_price"": 3050, ""oich"": 0}, {""ask"": 0, ""bid"": 0, ""oi"": 111000, ""option_type"": ""PE"", ""strike_price"": 2950, ""oich"": 7000}, {""ask"": 0, ""bid"": 0, ""oi"": 244000, ""option_type"": ""PE"", ""strike_price"": 2600, ""oich"": -59000}, {""ask"": 0, ""bid"": 0, ""oi"": 17000, ""option_type"": ""PE"", ""strike_price"": 3200, ""oich"": 0}, {""ask"": 0, ""bid"": 0, ""oi"": 216000, ""option_type"": ""CE"", ""strike_price"": 3150, ""oich"": -53000}, {""ask"": 0, ""bid"": 0, ""oi"": 128000, ""option_type"": ""PE"", ""strike_price"": 2550, ""oich"": -12000}, {""ask"": 0, ""bid"": 0, ""oi"": 305000, ""option_type"": ""PE"", ""strike_price"": 2750, ""oich"": -33000}, {""ask"": 0, ""bid"": 0, ""oi"": 208000, ""option_type"": ""PE"", ""strike_price"": 2850, ""oich"": -60000}, {""ask"": 0, ""bid"": 0, ""oi"": 557000, ""option_type"": ""CE"", ""strike_price"": 2900, ""oich"": -60000}, {""ask"": 0, ""bid"": 0, ""oi"": 84000, ""option_type"": ""CE"", ""strike_price"": 3250, ""oich"": -19000}, {""ask"": 0, ""bid"": 0, ""oi"": 0, ""option_type"": ""PE"", ""strike_price"": 3300, ""oich"": 0}, {""ask"": 0, ""bid"": 0, ""oi"": 7000, ""option_type"": ""CE"", ""strike_price"": 2550, ""oich"": 2000}, {""ask"": 0, ""bid"": 0, ""oi"": 45000, ""option_type"": ""CE"", ""strike_price"": 3400, ""oich"": -1000}, {""ask"": 0, ""bid"": 0, ""oi"": 14000, ""option_type"": ""PE"", ""strike_price"": 3100, ""oich"": 0}, {""ask"": 0, ""bid"": 0, ""oi"": 95000, ""option_type"": ""PE"", ""strike_price"": 2400, ""oich"": 0}, {""ask"": 0, ""bid"": 0, ""oi"": 413000, ""option_type"": ""PE"", ""strike_price"": 2900, ""oich"": -4000}, {""ask"": 0, ""bid"": 0, ""oi"": 2000, ""option_type"": ""PE"", ""strike_price"": 3250, ""oich"": 0}, {""ask"": 0, ""bid"": 0, ""oi"": 166000, ""option_type"": ""PE"", ""strike_price"": 2500, ""oich"": 19000}, {""ask"": 0, ""bid"": 0, ""oi"": 147000, ""option_type"": ""CE"", ""strike_price"": 2600, ""oich"": 0}, {""ask"": 0, ""bid"": 0, ""oi"": 119000, ""option_type"": ""CE"", ""strike_price"": 2750, ""oich"": 74000}, {""ask"": 0, ""bid"": 0, ""oi"": 442000, ""option_type"": ""CE"", ""strike_price"": 2850, ""oich"": 143000}, {""ask"": 0, ""bid"": 0, ""oi"": 10000, ""option_type"": ""PE"", ""strike_price"": 3400, ""oich"": 0}, {""ask"": 0, ""bid"": 0, ""oi"": 3000, ""option_type"": ""CE"", ""strike_price"": 2200, ""oich"": 0}, {""ask"": 0, ""bid"": 0, ""oi"": 11000, ""option_type"": ""PE"", ""strike_price"": 3150, ""oich"": -3000}, {""ask"": 0, ""bid"": 0, ""oi"": 18000, ""option_type"": ""CE"", ""strike_price"": 2500, ""oich"": 0}, {""ask"": 0, ""bid"": 0, ""oi"": 351000, ""option_type"": ""PE"", ""strike_price"": 2650, ""oich"": 111000}, {""ask"": 0, ""bid"": 0, ""oi"": 190000, ""option_type"": ""CE"", ""strike_price"": 2950, ""oich"": -32000}]",3066000,2026-01-21
4091000,,,"[{""ask"": 0, ""bid"": 0, ""oi"": 345000, ""option_type"": ""PE"", ""strike_price"": 2600, ""oich"": 101000}, {""ask"": 0, ""bid"": 0, ""oi"": 98000, ""option_type"": ""PE"", ""strike_price"": 2950, ""oich"": -13000}, {""ask"": 0, ""bid"": 0, ""oi"": 3000, ""option_type"": ""CE"", ""strike_price"": 2200, ""oich"": 0}, {""ask"": 0, ""bid"": 0, ""oi"": 320000, ""option_type"": ""PE"", ""strike_price"": 2800, ""oich"": 94000}, {""ask"": 0, ""bid"": 0, ""oi"": 96000, ""option_type"": ""CE"", ""strike_price"": 3300, ""oich"": -17000}, {""ask"": 0, ""bid"": 0, ""oi"": 350000, ""option_type"": ""PE"", ""strike_price"": 2650, ""oich"": -1000}, {""ask"": 0, ""bid"": 0, ""oi"": 1000, ""option_type"": ""CE"", ""strike_price"": 2400, ""oich"": 0}, {""ask"": 0, ""bid"": 0, ""oi"": 42000, ""option_type"": ""PE"", ""strike_price"": 2200, ""oich"": -9000}, {""ask"": 0, ""bid"": 0, ""oi"": 329000, ""option_type"": ""CE"", ""strike_price"": 3100, ""oich"": 54000}, {""ask"": 0, ""bid"": 0, ""oi"": 391000, ""option_type"": ""CE"", ""strike_price"": 2950, ""oich"": 201000}, {""ask"": 0, ""bid"": 0, ""oi"": 196000, ""option_type"": ""PE"", ""strike_price"": 2500, ""oich"": 30000}, {""ask"": 0, ""bid"": 0, ""oi"": 8000, ""option_type"": ""PE"", ""strike_price"": 3400, ""oich"": -2000}, {""ask"": 0, ""bid"": 0, ""oi"": 277000, ""option_type"": ""CE"", ""strike_price"": 2850, ""oich"": -165000}, {""ask"": 0, ""bid"": 0, ""oi"": 76000, ""option_type"": ""CE"", ""strike_price"": 2750, ""oich"": -43000}, {""ask"": 0, ""bid"": 0, ""oi"": 147000, ""option_type"": ""CE"", ""strike_price"": 2600, ""oich"": 0}, {""ask"": 0, ""bid"": 0, ""oi"": 95000, ""option_type"": ""PE"", ""strike_price"": 2400, ""oich"": 0}, {""ask"": 0, ""bid"": 0, ""oi"": 2000, ""option_type"": ""PE"", ""strike_price"": 3250, ""oich"": 0}, {""ask"": 0, ""bid"": 0, ""oi"": 286000, ""option_type"": ""PE"", ""strike_price"": 2900, ""oich"": -127000}, {""ask"": 0, ""bid"": 0, ""oi"": 611000, ""option_type"": ""PE"", ""strike_price"": 2700, ""oich"": -30000}, {""ask"": 0, ""bid"": 0, ""oi"": 706000, ""option_type"": ""CE"", ""strike_price"": 3000, ""oich"": 50000}, {""ask"": 0, ""bid"": 0, ""oi"": 67000, ""option_type"": ""PE"", ""strike_price"": 3000, ""oich"": -3000}, {""ask"": 0, ""bid"": 0, ""oi"": 504000, ""option_type"": ""CE"", ""strike_price"": 3050, ""oich"": 33000}, {""ask"": 0, ""bid"": 0, ""oi"": 190000, ""option_type"": ""CE"", ""strike_price"": 3200, ""oich"": -11000}, {""ask"": 0, ""bid"": 0, ""oi"": 0, ""option_type"": ""CE"", ""strike_price"": 2650, ""oich"": 0}, {""ask"": 0, ""bid"": 0, ""oi"": 18000, ""option_type"": ""CE"", ""strike_price"": 2500, ""oich"": 0}, {""ask"": 0, ""bid"": 0, ""oi"": 11000, ""option_type"": ""PE"", ""strike_price"": 3150, ""oich"": 0}, {""ask"": 0, ""bid"": 0, ""oi"": 39000, ""option_type"": ""CE"", ""strike_price"": 3400, ""oich"": -6000}, {""ask"": 0, ""bid"": 0, ""oi"": 14000, ""option_type"": ""PE"", ""strike_price"": 3100, ""oich"": 0}, {""ask"": 0, ""bid"": 0, ""oi"": 7000, ""option_type"": ""CE"", ""strike_price"": 2550, ""oich"": 0}, {""ask"": 0, ""bid"": 0, ""oi"": 176000, ""option_type"": ""PE"", ""strike_price"": 2550, ""oich"": 48000}, {""ask"": 0, ""bid"": 0, ""oi"": 17000, ""option_type"": ""PE"", ""strike_price"": 3200, ""oich"": 0}, {""ask"": 0, ""bid"": 0, ""oi"": 302000, ""option_type"": ""CE"", ""strike_price"": 3150, ""oich"": 86000}, {""ask"": 0, ""bid"": 0, ""oi"": 300000, ""option_type"": ""CE"", ""strike_price"": 2800, ""oich"": 22000}, {""ask"": 0, ""bid"": 0, ""oi"": 60000, ""option_type"": ""CE"", ""strike_price"": 2700, ""oich"": -9000}, {""ask"": 0, ""bid"": 0, ""oi"": 93000, ""option_type"": ""PE"", ""strike_price"": 2850, ""oich"": -115000}, {""ask"": 0, ""bid"": 0, ""oi"": 259000, ""option_type"": ""PE"", ""strike_price"": 2750, ""oich"": -46000}, {""ask"": 0, ""bid"": 0, ""oi"": 0, ""option_type"": ""PE"", ""strike_price"": 3300, ""oich"": 0}, {""ask"": 0, ""bid"": 0, ""oi"": 105000, ""option_type"": ""CE"", ""strike_price"": 3250, ""oich"": 21000}, {""ask"": 0, ""bid"": 0, ""oi"": 540000, ""option_type"": ""CE"", ""strike_price"": 2900, ""oich"": -17000}, {""ask"": 0, ""bid"": 0, ""oi"": 3000, ""option_type"": ""PE"", ""strike_price"": 3050, ""oich"": 0}]",2993000,2026-01-22
3869000,,,"[{""ask"": 0, ""bid"": 0, ""oi"": 38000, ""option_type"": ""CE"", ""strike_price"": 2700, ""oich"": -22000}, {""ask"": 0, ""bid"": 0, ""oi"": 257000, ""option_type"": ""CE"", ""strike_price"": 2800, ""oich"": -43000}, {""ask"": 0, ""bid"": 0, ""oi"": 5000, ""option_type"": ""PE"", ""strike_price"": 3400, ""oich"": -3000}, {""ask"": 0, ""bid"": 0, ""oi"": 156000, ""option_type"": ""PE"", ""strike_price"": 2500, ""oich"": -40000}, {""ask"": 0, ""bid"": 0, ""oi"": 355000, ""option_type"": ""CE"", ""strike_price"": 2850, ""oich"": 78000}, {""ask"": 0, ""bid"": 0, ""oi"": 144000, ""option_type"": ""CE"", ""strike_price"": 2750, ""oich"": 68000}, {""ask"": 0, ""bid"": 0, ""oi"": 147000, ""option_type"": ""CE"", ""strike_price"": 2600, ""oich"": 0}, {""ask"": 0, ""bid"": 0, ""oi"": 314000, ""option_type"": ""PE"", ""strike_price"": 2650, ""oich"": -36000}, {""ask"": 0, ""bid"": 0, ""oi"": 1000, ""option_type"": ""CE"", ""strike_price"": 2400, ""oich"": 0}, {""ask"": 0, ""bid"": 0, ""oi"": 9000, ""option_type"": ""PE"", ""strike_price"": 2200, ""oich"": -33000}, {""ask"": 0, ""bid"": 0, ""oi"": 333000, ""option_type"": ""CE"", ""strike_price"": 2950, ""oich"": -58000}, {""ask"": 0, ""bid"": 0, ""oi"": 311000, ""option_type"": ""CE"", ""strike_price"": 3100, ""oich"": -18000}, {""ask"": 0, ""bid"": 0, ""oi"": 11000, ""option_type"": ""PE"", ""strike_price"": 3100, ""oich"": -3000}, {""ask"": 0, ""bid"": 0, ""oi"": 7000, ""option_type"": ""CE"", ""strike_price"": 2550, ""oich"": 0}, {""ask"": 0, ""bid"": 0, ""oi"": 32000, ""option_type"": ""CE"", ""strike_price"": 3400, ""oich"": -7000}, {""ask"": 0, ""bid"": 0, ""oi"": 3000, ""option_type"": ""PE"", ""strike_price"": 3050, ""oich"": 0}, {""ask"": 0, ""bid"": 0, ""oi"": 94000, ""option_type"": ""PE"", ""strike_price"": 2950, ""oich"": -4000}, {""ask"": 0, ""bid"": 0, ""oi"": 237000, ""option_type"": ""PE"", ""strike_price"": 2600, ""oich"": -108000}, {""ask"": 0, ""bid"": 0, ""oi"": 3000, ""option_type"": ""CE"", ""strike_price"": 2200, ""oich"": 0}, {""ask"": 0, ""bid"": 0, ""oi"": 11000, ""option_type"": ""PE"", ""strike_price"": 3150, ""oich"": 0}, {""ask"": 0, ""bid"": 0, ""oi"": 13000, ""option_type"": ""CE"", ""strike_price"": 2500, ""oich"": -5000}, {""ask"": 0, ""bid"": 0, ""oi"": 122000, ""option_type"": ""PE"", ""strike_price"": 2750, ""oich"": -137000}, {""ask"": 0, ""bid"": 0, ""oi"": 138000, ""option_type"": ""PE"", ""strike_price"": 2850, ""oich"": 45000}, {""ask"": 0, ""bid"": 0, ""oi"": 733000, ""option_type"": ""CE"", ""strike_price"": 2900, ""oich"": 193000}, {""ask"": 0, ""bid"": 0, ""oi"": 65000, ""option_type"": ""CE"", ""strike_price"": 3250, ""oich"": -40000}, {""ask"": 0, ""bid"": 0, ""oi"": 0, ""option_type"": ""PE"", ""strike_price"": 3300, ""oich"": 0}, {""ask"": 0, ""bid"": 0, ""oi"": 66000, ""option_type"": ""PE"", ""strike_price"": 3000, ""oich"": -1000}, {""ask"": 0, ""bid"": 0, ""oi"": 394000, ""option_type"": ""CE"", ""strike_price"": 3050, ""oich"": -110000}, {""ask"": 0, ""bid"": 0, ""oi"": 171000, ""option_type"": ""CE"", ""strike_price"": 3200, ""oich"": -19000}, {""ask"": 0, ""bid"": 0, ""oi"": 501000, ""option_type"": ""PE"", ""strike_price"": 2700, ""oich"": -110000}, {""ask"": 0, ""bid"": 0, ""oi"": 0, ""option_type"": ""CE"", ""strike_price"": 2650, ""oich"": 0}, {""ask"": 0, ""bid"": 0, ""oi"": 518000, ""option_type"": ""CE"", ""strike_price"": 3000, ""oich"": -188000}, {""ask"": 0, ""bid"": 0, ""oi"": 201000, ""option_type"": ""PE"", ""strike_price"": 2800, ""oich"": -119000}, {""ask"": 0, ""bid"": 0, ""oi"": 95000, ""option_type"": ""CE"", ""strike_price"": 3300, ""oich"": -1000}, {""ask"": 0, ""bid"": 0, ""oi"": 14000, ""option_type"": ""PE"", ""strike_price"": 3200, ""oich"": -3000}, {""ask"": 0, ""bid"": 0, ""oi"": 129000, ""option_type"": ""PE"", ""strike_price"": 2550, ""oich"": -47000}, {""ask"": 0, ""bid"": 0, ""oi"": 252000, ""option_type"": ""CE"", ""strike_price"": 3150, ""oich"": -50000}, {""ask"": 0, ""bid"": 0, ""oi"": 218000, ""option_type"": ""PE"", ""strike_price"": 2900, ""oich"": -68000}, {""ask"": 0, ""bid"": 0, ""oi"": 81000, ""option_type"": ""PE"", ""strike_price"": 2400, ""oich"": -14000}, {""ask"": 0, ""bid"": 0, ""oi"": 2000, ""option_type"": ""PE"", ""strike_price"": 3250, ""oich"": 0}]",2312000,2026-01-23
